# Blender 5.1.0
# www.blender.org
mtllib pixelgunbenderbeta.mtl
o pixelgunbeta
v -0.092650 1.017976 -3.289207
v 0.220560 0.939668 -3.285713
v -0.170950 0.939668 -3.290108
v -0.092650 1.096286 -3.289207
v -0.092650 1.174586 -3.289207
v -0.014350 1.017976 -3.288315
v -0.092650 1.252896 -3.289207
v 0.142260 1.017976 -3.286613
v -0.170950 1.331206 -3.290108
v 0.142260 1.096286 -3.286613
v -0.014350 1.252896 -3.288315
v 0.142260 1.252896 -3.286613
v 0.220560 1.331206 -3.285713
v -0.092650 1.096286 -3.289207
v -0.014350 1.017976 -3.288315
v -0.092650 1.017976 -3.289207
v -0.014350 1.096286 -3.288315
v -0.014350 1.096286 -3.288315
v 0.142260 1.017976 -3.286613
v -0.014350 1.017976 -3.288315
v 0.063960 1.096286 -3.287514
v 0.142260 1.096286 -3.286613
v -0.092650 1.174586 -3.289207
v -0.014350 1.096286 -3.288315
v -0.092650 1.096286 -3.289207
v -0.014350 1.174586 -3.288315
v -0.014350 1.252896 -3.288315
v 0.063960 1.174586 -3.287514
v 0.142260 1.252896 -3.286613
v 0.142260 1.096286 -3.286613
v 0.063960 1.096286 -3.287514
v -0.014350 1.174586 -3.288315
v 0.063960 1.096286 -3.287514
v -0.014350 1.096286 -3.288315
v 0.063960 1.174586 -3.287514
v -0.092650 1.252896 -3.289207
v -0.014350 1.174586 -3.288315
v -0.092650 1.174586 -3.289207
v -0.014350 1.252896 -3.288315
v -0.015220 0.783055 -3.210014
v 0.141390 0.704748 -3.208313
v -0.093520 0.704748 -3.210915
v -0.093520 0.939668 -3.210915
v -0.015220 0.939668 -3.210014
v 0.063090 0.783055 -3.209213
v 0.063090 0.939668 -3.209213
v 0.141390 0.939668 -3.208313
v -0.015220 0.939668 -3.210014
v 0.063090 0.783055 -3.209213
v -0.015220 0.783055 -3.210014
v 0.063090 0.939668 -3.209213
v -0.015220 1.487816 -3.210014
v -0.015220 1.331206 -3.210014
v -0.093520 1.331206 -3.210915
v -0.093520 1.566126 -3.210915
v 0.063090 1.487816 -3.209213
v 0.141390 1.566126 -3.208313
v 0.141390 1.331206 -3.208313
v 0.063090 1.331206 -3.209213
v -0.015220 1.487816 -3.210014
v 0.063090 1.331206 -3.209213
v -0.015220 1.331206 -3.210014
v 0.063090 1.487816 -3.209213
v -0.225760 0.469827 1.642891
v 0.165750 0.469827 1.647285
v -0.147460 0.548134 1.643791
v -0.147460 0.626441 1.643791
v -0.225760 0.704748 1.642891
v -0.147460 0.704748 1.643791
v 0.087450 0.548134 1.646385
v 0.087450 0.626441 1.646385
v 0.087450 0.704748 1.646385
v 0.165750 0.704748 1.647285
v -0.147460 0.548134 1.643791
v 0.087450 0.548134 1.646385
v -0.147460 0.626441 1.643791
v -0.069160 0.626441 1.644691
v 0.009150 0.626441 1.645493
v 0.087450 0.626441 1.646385
v -0.147460 0.626441 1.643791
v -0.069160 0.626441 1.644691
v -0.147460 0.704748 1.643791
v -0.069160 0.704748 1.644691
v -0.069160 0.626441 1.644691
v 0.009150 0.626441 1.645493
v -0.069160 0.704748 1.644691
v 0.009150 0.704748 1.645493
v 0.009150 0.626441 1.645493
v 0.087450 0.626441 1.646385
v 0.009150 0.704748 1.645493
v 0.087450 0.704748 1.646385
v -0.225760 1.252896 1.642891
v -0.147460 1.252896 1.643791
v -0.147460 1.331206 1.643791
v -0.147460 1.409506 1.643791
v -0.225760 1.487816 1.642891
v 0.087450 1.409506 1.646385
v 0.165750 1.487816 1.647285
v 0.165750 1.252896 1.647285
v 0.087450 1.331206 1.646385
v 0.087450 1.252896 1.646385
v -0.147460 1.252896 1.643791
v -0.069160 1.252896 1.644691
v -0.147460 1.331206 1.643791
v -0.069160 1.331206 1.644691
v -0.069160 1.252896 1.644691
v 0.009150 1.252896 1.645493
v -0.069160 1.331206 1.644691
v 0.009150 1.331206 1.645493
v 0.009150 1.252896 1.645493
v 0.087450 1.252896 1.646385
v 0.009150 1.331206 1.645493
v 0.087450 1.331206 1.646385
v -0.069160 1.331206 1.644691
v 0.009150 1.331206 1.645493
v -0.147460 1.409506 1.643791
v -0.147460 1.331206 1.643791
v 0.087450 1.331206 1.646385
v 0.087450 1.409506 1.646385
v -0.146590 0.704748 1.565491
v -0.068290 0.704748 1.566391
v -0.068290 0.783055 1.566391
v -0.146590 0.861361 1.565491
v -0.068290 0.861361 1.566391
v 0.010020 0.704748 1.567192
v 0.088320 0.704748 1.568092
v 0.010020 0.783055 1.567192
v 0.010020 0.861361 1.567192
v 0.088320 0.861361 1.568092
v -0.224890 0.704748 1.564590
v -0.146590 0.704748 1.565491
v -0.146590 0.861361 1.565491
v -0.146590 0.939668 1.565491
v -0.146590 1.096286 1.565491
v -0.146590 1.174586 1.565491
v -0.224890 1.252896 1.564590
v -0.146590 1.252896 1.565491
v -0.068290 0.783055 1.566391
v 0.010020 0.783055 1.567192
v -0.068290 0.861361 1.566391
v 0.010020 0.861361 1.567192
v 0.088320 0.704748 1.568092
v 0.166620 0.704748 1.568993
v 0.088320 0.861361 1.568092
v 0.088320 0.939668 1.568092
v 0.088320 1.096286 1.568092
v 0.088320 1.174586 1.568092
v 0.088320 1.252896 1.568092
v 0.166620 1.252896 1.568993
v -0.146590 0.861361 1.565491
v -0.068290 0.861361 1.566391
v -0.146590 0.939668 1.565491
v 0.010020 0.861361 1.567192
v 0.088320 0.861361 1.568092
v -0.068290 0.939668 1.566391
v 0.010020 0.939668 1.567192
v 0.088320 0.939668 1.568092
v -0.068290 0.939668 1.566391
v 0.010020 0.939668 1.567192
v -0.068290 1.017976 1.566391
v 0.010020 1.017976 1.567192
v -0.146590 0.939668 1.565491
v -0.068290 0.939668 1.566391
v -0.068290 1.017976 1.566391
v -0.146590 1.096286 1.565491
v 0.010020 1.017976 1.567192
v -0.068290 1.096286 1.566391
v 0.010020 1.096286 1.567192
v 0.088320 0.939668 1.568092
v 0.010020 0.939668 1.567192
v 0.088320 1.096286 1.568092
v -0.146590 1.096286 1.565491
v -0.068290 1.096286 1.566391
v -0.146590 1.174586 1.565491
v -0.068290 1.174586 1.566391
v -0.068290 1.096286 1.566391
v 0.010020 1.096286 1.567192
v -0.068290 1.174586 1.566391
v 0.010020 1.174586 1.567192
v 0.010020 1.096286 1.567192
v 0.088320 1.096286 1.568092
v 0.010020 1.174586 1.567192
v 0.088320 1.174586 1.568092
v -0.068290 1.174586 1.566391
v 0.010020 1.174586 1.567192
v -0.146590 1.252896 1.565491
v -0.146590 1.174586 1.565491
v 0.088320 1.174586 1.568092
v -0.068290 1.252896 1.566391
v 0.010020 1.252896 1.567192
v 0.088320 1.252896 1.568092
v -0.145720 1.252896 1.487190
v 0.089190 1.252896 1.489792
v -0.145720 1.331206 1.487190
v 0.089190 1.331206 1.489792
v -0.145720 1.409506 1.487190
v -0.067420 1.409506 1.488091
v 0.010890 1.409506 1.488892
v 0.089190 1.409506 1.489792
v -0.102220 0.704748 -2.427910
v 0.210990 0.626441 -2.424408
v -0.180520 0.626441 -2.428810
v -0.023920 0.704748 -2.427010
v -0.102220 0.783055 -2.427910
v 0.054390 0.704748 -2.426208
v -0.102220 0.861361 -2.427910
v 0.132690 0.704748 -2.425308
v -0.102220 0.939668 -2.427910
v 0.132690 0.783055 -2.425308
v -0.102220 1.017976 -2.427910
v 0.132690 0.861361 -2.425308
v -0.102220 1.096286 -2.427910
v 0.132690 0.939668 -2.425308
v -0.102220 1.174586 -2.427910
v 0.132690 1.017976 -2.425308
v -0.102220 1.252896 -2.427910
v 0.132690 1.096286 -2.425308
v -0.102220 1.331206 -2.427910
v 0.132690 1.174586 -2.425308
v -0.102220 1.409506 -2.427910
v -0.102220 1.487816 -2.427910
v -0.102220 1.566126 -2.427910
v -0.180520 1.644426 -2.428810
v -0.023920 1.566126 -2.427010
v 0.054390 1.566126 -2.426208
v 0.132690 1.566126 -2.425308
v 0.210990 1.644426 -2.424408
v 0.132690 1.487816 -2.425308
v 0.132690 1.409506 -2.425308
v 0.132690 1.331206 -2.425308
v 0.132690 1.252896 -2.425308
v -0.023920 0.861361 -2.427010
v 0.054390 0.783055 -2.426208
v -0.023920 0.783055 -2.427010
v 0.054390 0.861361 -2.426208
v -0.102220 1.017976 -2.427910
v -0.023920 0.939668 -2.427010
v -0.102220 0.939668 -2.427910
v -0.023920 1.017976 -2.427010
v -0.023920 1.017976 -2.427010
v 0.054390 0.939668 -2.426208
v -0.023920 0.939668 -2.427010
v 0.054390 1.017976 -2.426208
v 0.054390 1.017976 -2.426208
v 0.132690 0.939668 -2.425308
v 0.054390 0.939668 -2.426208
v 0.132690 1.017976 -2.425308
v -0.102220 1.331206 -2.427910
v -0.023920 1.252896 -2.427010
v -0.102220 1.252896 -2.427910
v -0.023920 1.331206 -2.427010
v -0.023920 1.331206 -2.427010
v 0.054390 1.252896 -2.426208
v -0.023920 1.252896 -2.427010
v 0.054390 1.331206 -2.426208
v 0.054390 1.331206 -2.426208
v 0.132690 1.252896 -2.425308
v 0.054390 1.252896 -2.426208
v 0.132690 1.331206 -2.425308
v -0.220540 0.391520 1.173088
v -0.142240 0.391520 1.173988
v -0.220540 0.469827 1.173088
v -0.142240 0.469827 1.173988
v -0.142240 0.391520 1.173988
v -0.063940 0.391520 1.174889
v -0.142240 0.469827 1.173988
v -0.063940 0.469827 1.174889
v -0.063940 0.391520 1.174889
v 0.092670 0.391520 1.176590
v -0.063940 0.469827 1.174889
v 0.092670 0.469827 1.176590
v 0.092670 0.391520 1.176590
v 0.170970 0.391520 1.177490
v 0.092670 0.469827 1.176590
v 0.170970 0.469827 1.177490
v -0.217930 0.313214 0.938187
v -0.139630 0.313214 0.939087
v -0.217930 0.391520 0.938187
v -0.139630 0.391520 0.939087
v -0.139630 0.313214 0.939087
v -0.061330 0.313214 0.939987
v -0.139630 0.391520 0.939087
v -0.061330 0.391520 0.939987
v -0.061330 0.313214 0.939987
v 0.095280 0.313214 0.941689
v -0.061330 0.391520 0.939987
v 0.095280 0.391520 0.941689
v 0.095280 0.313214 0.941689
v 0.173580 0.313214 0.942589
v 0.095280 0.391520 0.941689
v 0.173580 0.391520 0.942589
v -0.108310 0.704748 -1.879814
v 0.204900 0.626441 -1.876312
v -0.186610 0.626441 -1.880608
v -0.030010 0.704748 -1.878914
v -0.108310 0.783055 -1.879814
v 0.048300 0.704748 -1.878014
v -0.108310 0.861361 -1.879814
v 0.126600 0.704748 -1.877213
v -0.108310 0.939668 -1.879814
v 0.126600 0.783055 -1.877213
v -0.108310 1.017976 -1.879814
v 0.126600 0.861361 -1.877213
v -0.108310 1.096286 -1.879814
v 0.126600 0.939668 -1.877213
v -0.108310 1.174586 -1.879814
v 0.126600 1.017976 -1.877213
v -0.108310 1.252896 -1.879814
v 0.126600 1.096286 -1.877213
v -0.108310 1.331206 -1.879814
v 0.126600 1.174586 -1.877213
v -0.108310 1.409506 -1.879814
v -0.108310 1.487816 -1.879814
v -0.108310 1.566126 -1.879814
v -0.186610 1.644426 -1.880608
v -0.030010 1.566126 -1.878914
v 0.048300 1.566126 -1.878014
v 0.126600 1.566126 -1.877213
v 0.204900 1.644426 -1.876312
v 0.126600 1.487816 -1.877213
v 0.126600 1.409506 -1.877213
v 0.126600 1.331206 -1.877213
v 0.126600 1.252896 -1.877213
v -0.108310 1.017976 -1.879814
v -0.030010 0.939668 -1.878914
v -0.108310 0.939668 -1.879814
v -0.030010 1.017976 -1.878914
v -0.030010 1.017976 -1.878914
v 0.048300 0.939668 -1.878014
v -0.030010 0.939668 -1.878914
v 0.048300 1.017976 -1.878014
v 0.048300 1.017976 -1.878014
v 0.126600 0.939668 -1.877213
v 0.048300 0.939668 -1.878014
v 0.126600 1.017976 -1.877213
v -0.108310 1.331206 -1.879814
v -0.030010 1.252896 -1.878914
v -0.108310 1.252896 -1.879814
v -0.030010 1.331206 -1.878914
v -0.030010 1.331206 -1.878914
v 0.048300 1.252896 -1.878014
v -0.030010 1.252896 -1.878914
v 0.048300 1.331206 -1.878014
v 0.048300 1.331206 -1.878014
v 0.126600 1.252896 -1.877213
v 0.048300 1.252896 -1.878014
v 0.126600 1.331206 -1.877213
v -0.216190 0.234907 0.781586
v -0.137890 0.234907 0.782486
v -0.216190 0.313214 0.781586
v -0.137890 0.313214 0.782486
v -0.137890 0.234907 0.782486
v -0.059590 0.234907 0.783386
v -0.137890 0.313214 0.782486
v -0.059590 0.313214 0.783386
v -0.059590 0.234907 0.783386
v 0.097020 0.234907 0.785088
v -0.059590 0.313214 0.783386
v 0.097020 0.313214 0.785088
v 0.097020 0.234907 0.785088
v 0.175320 0.234907 0.785988
v 0.097020 0.313214 0.785088
v 0.175320 0.313214 0.785988
v -0.198790 2.114266 -0.784409
v -0.209230 2.114266 0.155190
v 0.192720 2.114266 -0.780113
v 0.182280 2.114266 0.159492
v -0.213580 0.156600 0.546692
v -0.135280 0.156600 0.547592
v -0.213580 0.234907 0.546692
v -0.135280 0.234907 0.547592
v -0.135280 0.156600 0.547592
v -0.056980 0.156600 0.548492
v -0.135280 0.234907 0.547592
v -0.056980 0.234907 0.548492
v -0.056980 0.156600 0.548492
v 0.099630 0.156600 0.550186
v -0.056980 0.234907 0.548492
v 0.099630 0.234907 0.550186
v 0.099630 0.156600 0.550186
v 0.177930 0.156600 0.551086
v 0.099630 0.234907 0.550186
v 0.177930 0.234907 0.551086
v -0.119620 -0.000013 -0.861908
v -0.202270 -0.000013 -0.471214
v -0.197050 -0.000013 -0.941010
v 0.115290 -0.000013 -0.859215
v -0.120490 -0.000013 -0.783607
v 0.194460 -0.000013 -0.936714
v -0.121360 -0.000013 -0.705315
v -0.122230 -0.000013 -0.626907
v -0.123100 -0.000013 -0.548615
v 0.111810 -0.000013 -0.546013
v 0.189240 -0.000013 -0.466911
v 0.112680 -0.000013 -0.624313
v 0.114420 -0.000013 -0.780914
v 0.113550 -0.000013 -0.702614
v -0.042190 -0.000013 -0.782715
v -0.120490 -0.000013 -0.783607
v -0.119620 -0.000013 -0.861908
v 0.036120 -0.000013 -0.781815
v 0.115290 -0.000013 -0.859215
v 0.114420 -0.000013 -0.780914
v -0.042190 -0.000013 -0.782715
v -0.121360 -0.000013 -0.705315
v -0.120490 -0.000013 -0.783607
v -0.043060 -0.000013 -0.704414
v -0.043060 -0.000013 -0.704414
v -0.122230 -0.000013 -0.626907
v -0.121360 -0.000013 -0.705315
v -0.043930 -0.000013 -0.626114
v -0.043930 -0.000013 -0.626114
v -0.123100 -0.000013 -0.548615
v -0.122230 -0.000013 -0.626907
v 0.034380 -0.000013 -0.625214
v 0.112680 -0.000013 -0.624313
v 0.111810 -0.000013 -0.546013
v 0.036120 -0.000013 -0.781815
v -0.043060 -0.000013 -0.704414
v -0.042190 -0.000013 -0.782715
v -0.043930 -0.000013 -0.626114
v 0.035250 -0.000013 -0.703514
v 0.034380 -0.000013 -0.625214
v 0.114420 -0.000013 -0.780914
v 0.035250 -0.000013 -0.703514
v 0.036120 -0.000013 -0.781815
v 0.113550 -0.000013 -0.702614
v 0.113550 -0.000013 -0.702614
v 0.034380 -0.000013 -0.625214
v 0.035250 -0.000013 -0.703514
v 0.112680 -0.000013 -0.624313
v -0.130930 0.156600 0.156090
v -0.213580 0.156600 0.546692
v -0.209230 0.156600 0.155190
v -0.135280 0.156600 0.547592
v -0.052630 0.156600 0.156891
v -0.135280 0.156600 0.547592
v -0.130930 0.156600 0.156090
v -0.056980 0.156600 0.548492
v 0.103980 0.156600 0.158691
v -0.056980 0.156600 0.548492
v -0.052630 0.156600 0.156891
v 0.099630 0.156600 0.550186
v 0.182280 0.156600 0.159492
v 0.099630 0.156600 0.550186
v 0.103980 0.156600 0.158691
v 0.177930 0.156600 0.551086
v -0.289270 1.017976 0.310890
v -0.210970 1.017976 0.311790
v -0.289270 1.252896 0.310890
v -0.210970 1.252896 0.311790
v 0.180540 1.017976 0.316193
v 0.258840 1.017976 0.316986
v 0.180540 1.252896 0.316193
v 0.258840 1.252896 0.316986
v -0.130930 0.234907 0.156090
v -0.209230 0.234907 0.155190
v -0.208360 0.234907 0.076889
v -0.052630 0.234907 0.156891
v 0.103980 0.234907 0.158691
v 0.183150 0.234907 0.081192
v 0.182280 0.234907 0.159492
v -0.135280 0.234907 0.547592
v -0.216190 0.234907 0.781586
v -0.213580 0.234907 0.546692
v -0.137890 0.234907 0.782486
v -0.056980 0.234907 0.548492
v -0.137890 0.234907 0.782486
v -0.135280 0.234907 0.547592
v -0.059590 0.234907 0.783386
v 0.099630 0.234907 0.550186
v -0.059590 0.234907 0.783386
v -0.056980 0.234907 0.548492
v 0.097020 0.234907 0.785088
v 0.177930 0.234907 0.551086
v 0.097020 0.234907 0.785088
v 0.099630 0.234907 0.550186
v 0.175320 0.234907 0.785988
v -0.210100 0.548134 0.233490
v -0.131800 0.548134 0.234390
v -0.210100 0.783055 0.233490
v -0.131800 0.783055 0.234390
v -0.131800 0.548134 0.234390
v 0.103110 0.548134 0.236992
v -0.131800 0.783055 0.234390
v 0.103110 0.783055 0.236992
v 0.103110 0.548134 0.236992
v 0.181410 0.548134 0.237785
v 0.103110 0.783055 0.236992
v 0.181410 0.783055 0.237785
v -0.198790 1.722736 -0.784409
v -0.204880 1.722736 -0.236313
v -0.120490 1.722736 -0.783607
v -0.121360 1.722736 -0.705315
v -0.122230 1.722736 -0.626907
v -0.126580 1.722736 -0.235413
v -0.120490 1.722736 -0.783607
v -0.121360 1.722736 -0.705315
v -0.042190 1.722736 -0.782715
v -0.043060 1.722736 -0.704414
v -0.122230 1.722736 -0.626907
v -0.126580 1.722736 -0.235413
v -0.043930 1.722736 -0.626114
v -0.048280 1.722736 -0.234612
v -0.042190 1.722736 -0.782715
v -0.043060 1.722736 -0.704414
v 0.035250 1.722736 -0.703514
v 0.114420 1.722736 -0.780914
v 0.113550 1.722736 -0.702614
v -0.043930 1.722736 -0.626114
v -0.048280 1.722736 -0.234612
v 0.034380 1.722736 -0.625214
v 0.030030 1.722736 -0.233711
v 0.112680 1.722736 -0.624313
v 0.108330 1.722736 -0.232811
v 0.114420 1.722736 -0.780914
v 0.113550 1.722736 -0.702614
v 0.192720 1.722736 -0.780113
v 0.112680 1.722736 -0.624313
v 0.108330 1.722736 -0.232811
v 0.186630 1.722736 -0.232010
v -0.116140 0.704748 -1.175110
v 0.197070 0.626441 -1.171608
v -0.194440 0.626441 -1.175911
v -0.037840 0.704748 -1.174210
v -0.116140 0.783055 -1.175110
v 0.040470 0.704748 -1.173309
v -0.116140 0.861361 -1.175110
v 0.118770 0.704748 -1.172508
v -0.116140 0.939668 -1.175110
v 0.118770 0.783055 -1.172508
v -0.116140 1.017976 -1.175110
v 0.118770 0.861361 -1.172508
v -0.116140 1.096286 -1.175110
v 0.118770 0.939668 -1.172508
v -0.116140 1.174586 -1.175110
v 0.118770 1.017976 -1.172508
v -0.116140 1.252896 -1.175110
v 0.118770 1.096286 -1.172508
v -0.116140 1.331206 -1.175110
v 0.118770 1.174586 -1.172508
v -0.116140 1.409506 -1.175110
v -0.116140 1.487816 -1.175110
v -0.116140 1.566126 -1.175110
v -0.194440 1.644426 -1.175911
v -0.037840 1.566126 -1.174210
v 0.040470 1.566126 -1.173309
v 0.118770 1.566126 -1.172508
v 0.197070 1.644426 -1.171608
v 0.118770 1.487816 -1.172508
v 0.118770 1.409506 -1.172508
v 0.118770 1.331206 -1.172508
v 0.118770 1.252896 -1.172508
v -0.116140 1.017976 -1.175110
v 0.040470 0.939668 -1.173309
v -0.037840 0.939668 -1.174210
v -0.116140 0.939668 -1.175110
v 0.118770 0.939668 -1.172508
v -0.037840 1.017976 -1.174210
v 0.040470 1.017976 -1.173309
v 0.118770 1.017976 -1.172508
v -0.116140 1.331206 -1.175110
v 0.040470 1.252896 -1.173309
v -0.037840 1.252896 -1.174210
v -0.116140 1.252896 -1.175110
v 0.118770 1.252896 -1.172508
v -0.037840 1.331206 -1.174210
v 0.040470 1.331206 -1.173309
v 0.118770 1.331206 -1.172508
v -0.129190 0.313214 -0.000511
v -0.208360 0.313214 0.076889
v -0.207490 0.313214 -0.001411
v -0.130060 0.313214 0.077789
v -0.137890 0.313214 0.782486
v -0.217930 0.313214 0.938187
v -0.216190 0.313214 0.781586
v -0.139630 0.313214 0.939087
v -0.050890 0.313214 0.000290
v -0.130060 0.313214 0.077789
v -0.129190 0.313214 -0.000511
v -0.051760 0.313214 0.078590
v -0.059590 0.313214 0.783386
v -0.139630 0.313214 0.939087
v -0.137890 0.313214 0.782486
v -0.061330 0.313214 0.939987
v 0.105720 0.313214 0.002090
v -0.051760 0.313214 0.078590
v -0.050890 0.313214 0.000290
v 0.104850 0.313214 0.080391
v 0.097020 0.313214 0.785088
v -0.061330 0.313214 0.939987
v -0.059590 0.313214 0.783386
v 0.095280 0.313214 0.941689
v 0.184020 0.313214 0.002892
v 0.104850 0.313214 0.080391
v 0.105720 0.313214 0.002090
v 0.183150 0.313214 0.081192
v 0.175320 0.313214 0.785988
v 0.095280 0.313214 0.941689
v 0.097020 0.313214 0.785088
v 0.173580 0.313214 0.942589
v -0.209230 1.801046 0.155190
v 0.182280 1.801046 0.159492
v -0.130930 1.879346 0.156090
v -0.130930 1.957656 0.156090
v -0.130930 2.035966 0.156090
v -0.052630 1.879346 0.156891
v -0.209230 2.114266 0.155190
v 0.103980 1.879346 0.158691
v -0.052630 2.035966 0.156891
v 0.103980 1.957656 0.158691
v 0.103980 2.035966 0.158691
v 0.182280 2.114266 0.159492
v -0.130930 1.879346 0.156090
v -0.052630 1.879346 0.156891
v -0.130930 1.957656 0.156090
v -0.052630 1.957656 0.156891
v -0.052630 1.879346 0.156891
v 0.103980 1.879346 0.158691
v -0.052630 1.957656 0.156891
v 0.103980 1.957656 0.158691
v -0.130930 1.957656 0.156090
v -0.052630 1.957656 0.156891
v -0.130930 2.035966 0.156090
v -0.052630 2.035966 0.156891
v -0.052630 1.957656 0.156891
v 0.103980 1.957656 0.158691
v -0.052630 2.035966 0.156891
v 0.103980 2.035966 0.158691
v -0.180520 1.644426 -2.428810
v -0.183130 1.644426 -2.193909
v -0.103090 1.644426 -2.349609
v -0.024790 1.644426 -2.348709
v -0.103960 1.644426 -2.271309
v 0.131820 1.644426 -2.347008
v -0.025660 1.644426 -2.270409
v 0.210990 1.644426 -2.424408
v 0.130950 1.644426 -2.268715
v 0.208380 1.644426 -2.189514
v -0.186610 1.644426 -1.880608
v -0.189220 1.644426 -1.645714
v -0.109180 1.644426 -1.801514
v -0.030880 1.644426 -1.800613
v -0.110050 1.644426 -1.723213
v 0.125730 1.644426 -1.798912
v -0.031750 1.644426 -1.722313
v 0.204900 1.644426 -1.876312
v 0.124860 1.644426 -1.720612
v 0.202290 1.644426 -1.641411
v -0.194440 1.644426 -1.175911
v -0.198790 1.644426 -0.784409
v -0.117010 1.644426 -1.096809
v -0.038710 1.644426 -1.095909
v -0.117880 1.644426 -1.018509
v 0.039600 1.644426 -1.095009
v -0.118750 1.644426 -0.940208
v 0.117900 1.644426 -1.094208
v -0.119620 1.644426 -0.861908
v -0.120490 1.644426 -0.783607
v -0.041320 1.644426 -0.861008
v -0.042190 1.644426 -0.782715
v 0.036990 1.644426 -0.860107
v 0.115290 1.644426 -0.859215
v 0.114420 1.644426 -0.780914
v 0.197070 1.644426 -1.171608
v 0.192720 1.644426 -0.780113
v 0.116160 1.644426 -0.937508
v 0.117030 1.644426 -1.015915
v -0.204880 1.644426 -0.236313
v -0.206620 1.644426 -0.079712
v -0.126580 1.644426 -0.235413
v -0.127450 1.644426 -0.157112
v -0.128320 1.644426 -0.078812
v -0.103090 1.644426 -2.349609
v -0.103960 1.644426 -2.271309
v -0.024790 1.644426 -2.348709
v -0.025660 1.644426 -2.270409
v -0.109180 1.644426 -1.801514
v -0.110050 1.644426 -1.723213
v -0.030880 1.644426 -1.800613
v -0.031750 1.644426 -1.722313
v -0.117010 1.644426 -1.096809
v -0.117880 1.644426 -1.018509
v -0.038710 1.644426 -1.095909
v -0.039580 1.644426 -1.017609
v -0.117880 1.644426 -1.018509
v -0.118750 1.644426 -0.940208
v -0.039580 1.644426 -1.017609
v -0.040450 1.644426 -0.939308
v -0.118750 1.644426 -0.940208
v -0.119620 1.644426 -0.861908
v -0.040450 1.644426 -0.939308
v -0.041320 1.644426 -0.861008
v -0.127450 1.644426 -0.157112
v -0.128320 1.644426 -0.078812
v -0.049150 1.644426 -0.156311
v 0.029160 1.644426 -0.155411
v 0.028290 1.644426 -0.077110
v -0.038710 1.644426 -1.095909
v -0.039580 1.644426 -1.017609
v 0.039600 1.644426 -1.095009
v 0.038730 1.644426 -1.016708
v -0.039580 1.644426 -1.017609
v -0.040450 1.644426 -0.939308
v 0.038730 1.644426 -1.016708
v 0.037860 1.644426 -0.938408
v -0.040450 1.644426 -0.939308
v -0.041320 1.644426 -0.861008
v 0.037860 1.644426 -0.938408
v 0.036990 1.644426 -0.860107
v -0.024790 1.644426 -2.348709
v -0.025660 1.644426 -2.270409
v 0.131820 1.644426 -2.347008
v 0.130950 1.644426 -2.268715
v -0.030880 1.644426 -1.800613
v -0.031750 1.644426 -1.722313
v 0.125730 1.644426 -1.798912
v 0.124860 1.644426 -1.720612
v 0.039600 1.644426 -1.095009
v 0.038730 1.644426 -1.016708
v 0.117900 1.644426 -1.094208
v 0.117030 1.644426 -1.015915
v 0.038730 1.644426 -1.016708
v 0.037860 1.644426 -0.938408
v 0.117030 1.644426 -1.015915
v 0.116160 1.644426 -0.937508
v 0.037860 1.644426 -0.938408
v 0.036990 1.644426 -0.860107
v 0.116160 1.644426 -0.937508
v 0.115290 1.644426 -0.859215
v 0.029160 1.644426 -0.155411
v 0.028290 1.644426 -0.077110
v 0.107460 1.644426 -0.154510
v 0.106590 1.644426 -0.076210
v 0.107460 1.644426 -0.154510
v 0.106590 1.644426 -0.076210
v 0.186630 1.644426 -0.232010
v 0.108330 1.644426 -0.232811
v 0.184890 1.644426 -0.075409
v -0.139630 0.391520 0.939087
v -0.220540 0.391520 1.173088
v -0.217930 0.391520 0.938187
v -0.142240 0.391520 1.173988
v -0.061330 0.391520 0.939987
v -0.142240 0.391520 1.173988
v -0.139630 0.391520 0.939087
v -0.063940 0.391520 1.174889
v 0.095280 0.391520 0.941689
v -0.063940 0.391520 1.174889
v -0.061330 0.391520 0.939987
v 0.092670 0.391520 1.176590
v 0.173580 0.391520 0.942589
v 0.092670 0.391520 1.176590
v 0.095280 0.391520 0.941689
v 0.170970 0.391520 1.177490
v -0.206620 1.566126 -0.079712
v -0.207490 1.566126 -0.001411
v -0.128320 1.566126 -0.078812
v -0.129190 1.566126 -0.000511
v -0.093520 1.566126 -3.210915
v -0.102220 1.566126 -2.427910
v -0.016090 1.566126 -3.131714
v -0.023920 1.566126 -2.427010
v 0.062220 1.566126 -3.130913
v 0.141390 1.566126 -3.208313
v 0.054390 1.566126 -2.426208
v 0.132690 1.566126 -2.425308
v -0.104830 1.566126 -2.193008
v -0.108310 1.566126 -1.879814
v -0.026530 1.566126 -2.192108
v -0.030010 1.566126 -1.878914
v -0.110920 1.566126 -1.644913
v -0.116140 1.566126 -1.175110
v -0.032620 1.566126 -1.644012
v -0.037840 1.566126 -1.174210
v -0.016090 1.566126 -3.131714
v -0.023920 1.566126 -2.427010
v 0.062220 1.566126 -3.130913
v 0.054390 1.566126 -2.426208
v -0.026530 1.566126 -2.192108
v -0.030010 1.566126 -1.878914
v 0.051780 1.566126 -2.191315
v 0.048300 1.566126 -1.878014
v -0.032620 1.566126 -1.644012
v -0.037840 1.566126 -1.174210
v 0.045690 1.566126 -1.643112
v 0.040470 1.566126 -1.173309
v -0.128320 1.566126 -0.078812
v -0.129190 1.566126 -0.000511
v 0.028290 1.566126 -0.077110
v 0.027420 1.566126 0.001190
v 0.051780 1.566126 -2.191315
v 0.048300 1.566126 -1.878014
v 0.130080 1.566126 -2.190414
v 0.126600 1.566126 -1.877213
v 0.045690 1.566126 -1.643112
v 0.040470 1.566126 -1.173309
v 0.123990 1.566126 -1.642311
v 0.118770 1.566126 -1.172508
v 0.028290 1.566126 -0.077110
v 0.027420 1.566126 0.001190
v 0.106590 1.566126 -0.076210
v 0.105720 1.566126 0.002090
v 0.106590 1.566126 -0.076210
v 0.105720 1.566126 0.002090
v 0.184890 1.566126 -0.075409
v 0.184020 1.566126 0.002892
v -0.196180 0.626441 -1.019310
v -0.117880 0.548134 -1.018509
v -0.196180 0.548134 -1.019310
v -0.117880 0.626441 -1.018509
v -0.117880 0.626441 -1.018509
v -0.039580 0.548134 -1.017609
v -0.117880 0.548134 -1.018509
v -0.039580 0.626441 -1.017609
v -0.039580 0.626441 -1.017609
v 0.117030 0.548134 -1.015915
v -0.039580 0.548134 -1.017609
v 0.117030 0.626441 -1.015915
v 0.117030 0.626441 -1.015915
v 0.195330 0.548134 -1.015015
v 0.117030 0.548134 -1.015915
v 0.195330 0.626441 -1.015015
v -0.128320 0.469827 -0.078812
v -0.207490 0.469827 -0.001411
v -0.206620 0.469827 -0.079712
v -0.129190 0.469827 -0.000511
v -0.142240 0.469827 1.173988
v -0.225760 0.469827 1.642891
v -0.220540 0.469827 1.173088
v -0.143110 0.469827 1.252289
v -0.143980 0.469827 1.330589
v -0.144850 0.469827 1.408890
v -0.146590 0.469827 1.565491
v -0.068290 0.469827 1.566391
v 0.010020 0.469827 1.567192
v 0.088320 0.469827 1.568092
v 0.165750 0.469827 1.647285
v 0.170970 0.469827 1.177490
v 0.090060 0.469827 1.411491
v 0.090930 0.469827 1.333191
v 0.091800 0.469827 1.254890
v 0.092670 0.469827 1.176590
v -0.050020 0.469827 -0.078011
v -0.129190 0.469827 -0.000511
v -0.128320 0.469827 -0.078812
v -0.050890 0.469827 0.000290
v -0.063940 0.469827 1.174889
v -0.143110 0.469827 1.252289
v -0.142240 0.469827 1.173988
v -0.064810 0.469827 1.253189
v -0.064810 0.469827 1.253189
v -0.143980 0.469827 1.330589
v -0.143110 0.469827 1.252289
v -0.065680 0.469827 1.331490
v -0.065680 0.469827 1.331490
v -0.144850 0.469827 1.408890
v -0.143980 0.469827 1.330589
v -0.066550 0.469827 1.409790
v -0.066550 0.469827 1.409790
v -0.146590 0.469827 1.565491
v -0.144850 0.469827 1.408890
v -0.068290 0.469827 1.566391
v 0.013500 0.469827 1.253990
v -0.064810 0.469827 1.253189
v -0.063940 0.469827 1.174889
v 0.092670 0.469827 1.176590
v 0.091800 0.469827 1.254890
v 0.013500 0.469827 1.253990
v -0.065680 0.469827 1.331490
v -0.064810 0.469827 1.253189
v 0.012630 0.469827 1.332291
v 0.012630 0.469827 1.332291
v -0.066550 0.469827 1.409790
v -0.065680 0.469827 1.331490
v 0.011760 0.469827 1.410591
v 0.090930 0.469827 1.333191
v 0.090060 0.469827 1.411491
v 0.011760 0.469827 1.410591
v -0.068290 0.469827 1.566391
v -0.066550 0.469827 1.409790
v 0.010020 0.469827 1.567192
v 0.106590 0.469827 -0.076210
v -0.050890 0.469827 0.000290
v -0.050020 0.469827 -0.078011
v 0.105720 0.469827 0.002090
v 0.091800 0.469827 1.254890
v 0.012630 0.469827 1.332291
v 0.013500 0.469827 1.253990
v 0.090930 0.469827 1.333191
v 0.090060 0.469827 1.411491
v 0.010020 0.469827 1.567192
v 0.011760 0.469827 1.410591
v 0.088320 0.469827 1.568092
v 0.184890 0.469827 -0.075409
v 0.105720 0.469827 0.002090
v 0.106590 0.469827 -0.076210
v 0.184020 0.469827 0.002892
v -0.207490 1.487816 -0.001411
v -0.129190 1.487816 -0.000511
v -0.207490 1.566126 -0.001411
v -0.129190 1.566126 -0.000511
v -0.129190 1.487816 -0.000511
v 0.027420 1.487816 0.001190
v -0.129190 1.566126 -0.000511
v 0.027420 1.566126 0.001190
v 0.027420 1.487816 0.001190
v 0.105720 1.487816 0.002090
v 0.027420 1.566126 0.001190
v 0.105720 1.566126 0.002090
v 0.105720 1.487816 0.002090
v 0.184020 1.487816 0.002892
v 0.105720 1.566126 0.002090
v 0.184020 1.566126 0.002892
v -0.207490 1.487816 -0.001411
v -0.225760 1.487816 1.642891
v -0.129190 1.487816 -0.000511
v -0.130060 1.487816 0.077789
v -0.051760 1.487816 0.078590
v 0.027420 1.487816 0.001190
v 0.105720 1.487816 0.002090
v 0.104850 1.487816 0.080391
v 0.184020 1.487816 0.002892
v -0.142240 1.487816 1.173988
v 0.092670 1.487816 1.176590
v 0.091800 1.487816 1.254890
v 0.090930 1.487816 1.333191
v 0.090060 1.487816 1.411491
v 0.088320 1.487816 1.568092
v 0.165750 1.487816 1.647285
v 0.010020 1.487816 1.567192
v -0.068290 1.487816 1.566391
v -0.146590 1.487816 1.565491
v -0.144850 1.487816 1.408890
v -0.143980 1.487816 1.330589
v -0.143110 1.487816 1.252289
v -0.130060 1.487816 0.077789
v -0.142240 1.487816 1.173988
v -0.051760 1.487816 0.078590
v -0.063940 1.487816 1.174889
v -0.142240 1.487816 1.173988
v -0.143110 1.487816 1.252289
v -0.063940 1.487816 1.174889
v -0.064810 1.487816 1.253189
v -0.143110 1.487816 1.252289
v -0.143980 1.487816 1.330589
v -0.064810 1.487816 1.253189
v -0.065680 1.487816 1.331490
v -0.143980 1.487816 1.330589
v -0.144850 1.487816 1.408890
v -0.065680 1.487816 1.331490
v -0.066550 1.487816 1.409790
v -0.144850 1.487816 1.408890
v -0.146590 1.487816 1.565491
v -0.066550 1.487816 1.409790
v -0.068290 1.487816 1.566391
v -0.064810 1.487816 1.253189
v -0.065680 1.487816 1.331490
v 0.013500 1.487816 1.253990
v 0.012630 1.487816 1.332291
v -0.063940 1.487816 1.174889
v -0.064810 1.487816 1.253189
v 0.013500 1.487816 1.253990
v 0.092670 1.487816 1.176590
v 0.091800 1.487816 1.254890
v -0.065680 1.487816 1.331490
v -0.066550 1.487816 1.409790
v 0.012630 1.487816 1.332291
v 0.011760 1.487816 1.410591
v -0.066550 1.487816 1.409790
v -0.068290 1.487816 1.566391
v 0.011760 1.487816 1.410591
v 0.010020 1.487816 1.567192
v -0.051760 1.487816 0.078590
v -0.063940 1.487816 1.174889
v 0.104850 1.487816 0.080391
v 0.092670 1.487816 1.176590
v 0.013500 1.487816 1.253990
v 0.012630 1.487816 1.332291
v 0.091800 1.487816 1.254890
v 0.090930 1.487816 1.333191
v 0.012630 1.487816 1.332291
v 0.011760 1.487816 1.410591
v 0.090930 1.487816 1.333191
v 0.090060 1.487816 1.411491
v 0.011760 1.487816 1.410591
v 0.010020 1.487816 1.567192
v 0.090060 1.487816 1.411491
v 0.088320 1.487816 1.568092
v -0.118750 0.078293 -0.940208
v 0.194460 -0.000013 -0.936714
v -0.197050 -0.000013 -0.941010
v -0.118750 0.156600 -0.940208
v 0.116160 0.078293 -0.937508
v -0.118750 0.234907 -0.940208
v 0.116160 0.156600 -0.937508
v -0.118750 0.313214 -0.940208
v -0.118750 0.391520 -0.940208
v -0.118750 0.469827 -0.940208
v -0.197050 0.548134 -0.941010
v -0.118750 0.548134 -0.940208
v 0.116160 0.234907 -0.937508
v 0.116160 0.313214 -0.937508
v 0.116160 0.391520 -0.937508
v 0.116160 0.469827 -0.937508
v 0.116160 0.548134 -0.937508
v 0.194460 0.548134 -0.936714
v -0.118750 0.156600 -0.940208
v 0.116160 0.078293 -0.937508
v -0.118750 0.078293 -0.940208
v 0.116160 0.156600 -0.937508
v -0.118750 0.234907 -0.940208
v 0.116160 0.156600 -0.937508
v -0.118750 0.156600 -0.940208
v 0.116160 0.234907 -0.937508
v -0.118750 0.313214 -0.940208
v 0.116160 0.234907 -0.937508
v -0.118750 0.234907 -0.940208
v 0.116160 0.313214 -0.937508
v -0.118750 0.391520 -0.940208
v 0.116160 0.313214 -0.937508
v -0.118750 0.313214 -0.940208
v 0.116160 0.391520 -0.937508
v -0.118750 0.469827 -0.940208
v 0.116160 0.391520 -0.937508
v -0.118750 0.391520 -0.940208
v 0.116160 0.469827 -0.937508
v -0.118750 0.548134 -0.940208
v 0.116160 0.469827 -0.937508
v -0.118750 0.469827 -0.940208
v -0.040450 0.548134 -0.939308
v 0.116160 0.548134 -0.937508
v -0.117880 0.548134 -1.018509
v -0.197050 0.548134 -0.941010
v -0.196180 0.548134 -1.019310
v -0.118750 0.548134 -0.940208
v -0.127450 0.548134 -0.157112
v -0.206620 0.548134 -0.079712
v -0.205750 0.548134 -0.158012
v -0.128320 0.548134 -0.078812
v -0.039580 0.548134 -1.017609
v -0.118750 0.548134 -0.940208
v -0.117880 0.548134 -1.018509
v -0.040450 0.548134 -0.939308
v -0.049150 0.548134 -0.156311
v -0.128320 0.548134 -0.078812
v -0.127450 0.548134 -0.157112
v -0.050020 0.548134 -0.078011
v 0.032640 0.548134 -0.468613
v -0.049150 0.548134 -0.156311
v -0.045670 0.548134 -0.469513
v 0.029160 0.548134 -0.155411
v 0.029160 0.548134 -0.155411
v -0.050020 0.548134 -0.078011
v -0.049150 0.548134 -0.156311
v 0.107460 0.548134 -0.154510
v 0.106590 0.548134 -0.076210
v 0.117030 0.548134 -1.015915
v -0.040450 0.548134 -0.939308
v -0.039580 0.548134 -1.017609
v 0.116160 0.548134 -0.937508
v 0.195330 0.548134 -1.015015
v 0.116160 0.548134 -0.937508
v 0.117030 0.548134 -1.015915
v 0.194460 0.548134 -0.936714
v 0.185760 0.548134 -0.153709
v 0.106590 0.548134 -0.076210
v 0.107460 0.548134 -0.154510
v 0.184890 0.548134 -0.075409
v -0.206620 1.566126 -0.079712
v -0.128320 1.566126 -0.078812
v -0.206620 1.644426 -0.079712
v -0.128320 1.644426 -0.078812
v -0.128320 1.566126 -0.078812
v 0.028290 1.566126 -0.077110
v -0.128320 1.644426 -0.078812
v 0.028290 1.644426 -0.077110
v 0.028290 1.566126 -0.077110
v 0.106590 1.566126 -0.076210
v 0.028290 1.644426 -0.077110
v 0.106590 1.644426 -0.076210
v 0.106590 1.566126 -0.076210
v 0.184890 1.566126 -0.075409
v 0.106590 1.644426 -0.076210
v 0.184890 1.644426 -0.075409
v -0.103090 0.626441 -2.349609
v -0.183130 0.626441 -2.193909
v -0.180520 0.626441 -2.428810
v -0.024790 0.626441 -2.348709
v -0.103960 0.626441 -2.271309
v 0.131820 0.626441 -2.347008
v -0.025660 0.626441 -2.270409
v 0.210990 0.626441 -2.424408
v 0.130950 0.626441 -2.268715
v 0.208380 0.626441 -2.189514
v -0.109180 0.626441 -1.801514
v -0.189220 0.626441 -1.645714
v -0.186610 0.626441 -1.880608
v -0.030880 0.626441 -1.800613
v -0.110050 0.626441 -1.723213
v 0.125730 0.626441 -1.798912
v -0.031750 0.626441 -1.722313
v 0.204900 0.626441 -1.876312
v 0.124860 0.626441 -1.720612
v 0.202290 0.626441 -1.641411
v -0.117010 0.626441 -1.096809
v -0.196180 0.626441 -1.019310
v -0.194440 0.626441 -1.175911
v -0.117880 0.626441 -1.018509
v -0.038710 0.626441 -1.095909
v 0.117900 0.626441 -1.094208
v 0.197070 0.626441 -1.171608
v 0.117030 0.626441 -1.015915
v 0.195330 0.626441 -1.015015
v -0.024790 0.626441 -2.348709
v -0.103960 0.626441 -2.271309
v -0.103090 0.626441 -2.349609
v -0.025660 0.626441 -2.270409
v -0.030880 0.626441 -1.800613
v -0.110050 0.626441 -1.723213
v -0.109180 0.626441 -1.801514
v -0.031750 0.626441 -1.722313
v -0.038710 0.626441 -1.095909
v -0.117880 0.626441 -1.018509
v -0.117010 0.626441 -1.096809
v -0.039580 0.626441 -1.017609
v 0.131820 0.626441 -2.347008
v -0.025660 0.626441 -2.270409
v -0.024790 0.626441 -2.348709
v 0.130950 0.626441 -2.268715
v 0.125730 0.626441 -1.798912
v -0.031750 0.626441 -1.722313
v -0.030880 0.626441 -1.800613
v 0.124860 0.626441 -1.720612
v 0.117900 0.626441 -1.094208
v -0.039580 0.626441 -1.017609
v -0.038710 0.626441 -1.095909
v 0.117030 0.626441 -1.015915
v -0.127450 1.644426 -0.157112
v -0.049150 1.644426 -0.156311
v -0.127450 1.801046 -0.157112
v -0.049150 1.801046 -0.156311
v -0.049150 1.644426 -0.156311
v 0.029160 1.644426 -0.155411
v -0.049150 1.801046 -0.156311
v 0.029160 1.801046 -0.155411
v 0.029160 1.644426 -0.155411
v 0.107460 1.644426 -0.154510
v 0.029160 1.801046 -0.155411
v 0.107460 1.801046 -0.154510
v -0.170950 1.331206 -3.290108
v -0.175300 1.331206 -2.898613
v -0.093520 1.331206 -3.210915
v -0.094390 1.331206 -3.132614
v -0.095260 1.331206 -3.054314
v -0.097000 1.331206 -2.897713
v -0.015220 1.331206 -3.210014
v 0.063090 1.331206 -3.209213
v 0.141390 1.331206 -3.208313
v 0.220560 1.331206 -3.285713
v 0.140520 1.331206 -3.130013
v 0.139650 1.331206 -3.051712
v 0.137910 1.331206 -2.895111
v 0.216210 1.331206 -2.894211
v -0.135280 0.704748 0.547592
v -0.214450 0.704748 0.624992
v -0.213580 0.704748 0.546692
v -0.136150 0.704748 0.625893
v -0.016090 0.704748 -3.131714
v -0.102220 0.704748 -2.427910
v -0.093520 0.704748 -3.210915
v -0.023920 0.704748 -2.427010
v 0.062220 0.704748 -3.130913
v 0.141390 0.704748 -3.208313
v 0.054390 0.704748 -2.426208
v 0.132690 0.704748 -2.425308
v -0.026530 0.704748 -2.192108
v -0.108310 0.704748 -1.879814
v -0.104830 0.704748 -2.193008
v -0.030010 0.704748 -1.878914
v -0.032620 0.704748 -1.644012
v -0.116140 0.704748 -1.175110
v -0.110920 0.704748 -1.644913
v -0.037840 0.704748 -1.174210
v 0.062220 0.704748 -3.130913
v -0.023920 0.704748 -2.427010
v -0.016090 0.704748 -3.131714
v 0.054390 0.704748 -2.426208
v 0.051780 0.704748 -2.191315
v -0.030010 0.704748 -1.878914
v -0.026530 0.704748 -2.192108
v 0.048300 0.704748 -1.878014
v 0.045690 0.704748 -1.643112
v -0.037840 0.704748 -1.174210
v -0.032620 0.704748 -1.644012
v 0.040470 0.704748 -1.173309
v 0.030900 0.704748 -0.312012
v -0.048280 0.704748 -0.234612
v -0.047410 0.704748 -0.312912
v 0.030030 0.704748 -0.233711
v 0.130080 0.704748 -2.190414
v 0.048300 0.704748 -1.878014
v 0.051780 0.704748 -2.191315
v 0.126600 0.704748 -1.877213
v 0.123990 0.704748 -1.642311
v 0.040470 0.704748 -1.173309
v 0.045690 0.704748 -1.643112
v 0.118770 0.704748 -1.172508
v 0.099630 0.704748 0.550186
v -0.136150 0.704748 0.625893
v -0.135280 0.704748 0.547592
v 0.098760 0.704748 0.628487
v 0.177930 0.704748 0.551086
v 0.098760 0.704748 0.628487
v 0.099630 0.704748 0.550186
v 0.177060 0.704748 0.629387
v -0.198790 1.722736 -0.784409
v -0.120490 1.644426 -0.783607
v -0.198790 1.644426 -0.784409
v -0.120490 1.722736 -0.783607
v -0.120490 1.722736 -0.783607
v -0.042190 1.644426 -0.782715
v -0.120490 1.644426 -0.783607
v -0.042190 1.722736 -0.782715
v -0.042190 1.722736 -0.782715
v 0.114420 1.644426 -0.780914
v -0.042190 1.644426 -0.782715
v 0.114420 1.722736 -0.780914
v 0.114420 1.722736 -0.780914
v 0.192720 1.644426 -0.780113
v 0.114420 1.644426 -0.780914
v 0.192720 1.722736 -0.780113
v -0.120490 1.879346 -0.783607
v 0.192720 1.801046 -0.780113
v -0.198790 1.801046 -0.784409
v -0.120490 1.957656 -0.783607
v -0.120490 2.035966 -0.783607
v 0.036120 1.879346 -0.781815
v -0.198790 2.114266 -0.784409
v 0.114420 1.879346 -0.780914
v 0.036120 2.035966 -0.781815
v 0.114420 1.957656 -0.780914
v 0.114420 2.035966 -0.780914
v 0.192720 2.114266 -0.780113
v -0.120490 1.957656 -0.783607
v 0.036120 1.879346 -0.781815
v -0.120490 1.879346 -0.783607
v 0.036120 1.957656 -0.781815
v 0.036120 1.957656 -0.781815
v 0.114420 1.879346 -0.780914
v 0.036120 1.879346 -0.781815
v 0.114420 1.957656 -0.780914
v -0.120490 2.035966 -0.783607
v 0.036120 1.957656 -0.781815
v -0.120490 1.957656 -0.783607
v 0.036120 2.035966 -0.781815
v 0.036120 2.035966 -0.781815
v 0.114420 1.957656 -0.780914
v 0.036120 1.957656 -0.781815
v 0.114420 2.035966 -0.780914
v 0.270150 1.017976 -0.700912
v 0.270150 1.252896 -0.700912
v 0.269280 1.096286 -0.622612
v 0.268410 1.096286 -0.544312
v 0.269280 1.174586 -0.622612
v 0.267540 1.096286 -0.466011
v 0.268410 1.174586 -0.544312
v 0.267540 1.174586 -0.466011
v 0.266670 1.096286 -0.387711
v 0.266670 1.174586 -0.387711
v 0.265800 1.096286 -0.309410
v 0.265800 1.174586 -0.309410
v 0.264930 1.096286 -0.231110
v 0.264930 1.174586 -0.231110
v 0.264060 1.096286 -0.152809
v 0.264060 1.174586 -0.152809
v 0.263190 1.096286 -0.074509
v 0.263190 1.174586 -0.074509
v 0.262320 1.096286 0.003792
v 0.262320 1.174586 0.003792
v 0.261450 1.096286 0.082092
v 0.260580 1.096286 0.160385
v 0.261450 1.174586 0.082092
v 0.259710 1.096286 0.238686
v 0.260580 1.174586 0.160385
v 0.258840 1.017976 0.316986
v 0.259710 1.174586 0.238686
v 0.258840 1.252896 0.316986
v 0.269280 1.096286 -0.622612
v 0.269280 1.174586 -0.622612
v 0.268410 1.096286 -0.544312
v 0.268410 1.174586 -0.544312
v 0.268410 1.096286 -0.544312
v 0.268410 1.174586 -0.544312
v 0.267540 1.096286 -0.466011
v 0.267540 1.174586 -0.466011
v 0.266670 1.096286 -0.387711
v 0.266670 1.174586 -0.387711
v 0.265800 1.096286 -0.309410
v 0.265800 1.174586 -0.309410
v 0.265800 1.096286 -0.309410
v 0.265800 1.174586 -0.309410
v 0.264930 1.096286 -0.231110
v 0.264930 1.174586 -0.231110
v 0.264060 1.096286 -0.152809
v 0.264060 1.174586 -0.152809
v 0.263190 1.096286 -0.074509
v 0.263190 1.174586 -0.074509
v 0.263190 1.096286 -0.074509
v 0.263190 1.174586 -0.074509
v 0.262320 1.096286 0.003792
v 0.262320 1.174586 0.003792
v 0.261450 1.096286 0.082092
v 0.261450 1.174586 0.082092
v 0.260580 1.096286 0.160385
v 0.260580 1.174586 0.160385
v 0.260580 1.096286 0.160385
v 0.260580 1.174586 0.160385
v 0.259710 1.096286 0.238686
v 0.259710 1.174586 0.238686
v -0.278830 1.096286 -0.628708
v -0.277960 1.252896 -0.707008
v -0.277960 1.017976 -0.707008
v -0.278830 1.174586 -0.628708
v -0.279700 1.096286 -0.550407
v -0.279700 1.174586 -0.550407
v -0.280570 1.096286 -0.472115
v -0.280570 1.174586 -0.472115
v -0.281440 1.096286 -0.393814
v -0.281440 1.174586 -0.393814
v -0.282310 1.096286 -0.315514
v -0.282310 1.174586 -0.315514
v -0.283180 1.096286 -0.237213
v -0.283180 1.174586 -0.237213
v -0.284050 1.096286 -0.158913
v -0.284050 1.174586 -0.158913
v -0.284920 1.096286 -0.080612
v -0.284920 1.174586 -0.080612
v -0.285790 1.096286 -0.002312
v -0.285790 1.174586 -0.002312
v -0.286660 1.096286 0.075989
v -0.286660 1.174586 0.075989
v -0.287530 1.096286 0.154289
v -0.287530 1.174586 0.154289
v -0.288400 1.096286 0.232590
v -0.288400 1.174586 0.232590
v -0.289270 1.017976 0.310890
v -0.289270 1.252896 0.310890
v -0.279700 1.096286 -0.550407
v -0.278830 1.174586 -0.628708
v -0.278830 1.096286 -0.628708
v -0.279700 1.174586 -0.550407
v -0.280570 1.096286 -0.472115
v -0.279700 1.174586 -0.550407
v -0.279700 1.096286 -0.550407
v -0.280570 1.174586 -0.472115
v -0.282310 1.096286 -0.315514
v -0.281440 1.174586 -0.393814
v -0.281440 1.096286 -0.393814
v -0.282310 1.174586 -0.315514
v -0.283180 1.096286 -0.237213
v -0.282310 1.174586 -0.315514
v -0.282310 1.096286 -0.315514
v -0.283180 1.174586 -0.237213
v -0.284920 1.096286 -0.080612
v -0.284050 1.174586 -0.158913
v -0.284050 1.096286 -0.158913
v -0.284920 1.174586 -0.080612
v -0.285790 1.096286 -0.002312
v -0.284920 1.174586 -0.080612
v -0.284920 1.096286 -0.080612
v -0.285790 1.174586 -0.002312
v -0.287530 1.096286 0.154289
v -0.286660 1.174586 0.075989
v -0.286660 1.096286 0.075989
v -0.287530 1.174586 0.154289
v -0.288400 1.096286 0.232590
v -0.287530 1.174586 0.154289
v -0.287530 1.096286 0.154289
v -0.288400 1.174586 0.232590
v -0.048280 0.704748 -0.234612
v 0.030030 0.704748 -0.233711
v -0.048280 0.783055 -0.234612
v 0.030030 0.783055 -0.233711
v -0.204880 1.644426 -0.236313
v -0.126580 1.644426 -0.235413
v -0.204880 1.722736 -0.236313
v -0.126580 1.722736 -0.235413
v 0.108330 1.644426 -0.232811
v 0.186630 1.644426 -0.232010
v 0.108330 1.722736 -0.232811
v 0.186630 1.722736 -0.232010
v -0.277960 1.252896 -0.707008
v -0.289270 1.252896 0.310890
v -0.199660 1.252896 -0.706108
v -0.208360 1.252896 0.076889
v -0.210970 1.252896 0.311790
v -0.097000 1.252896 -2.897713
v -0.102220 1.252896 -2.427910
v -0.018700 1.252896 -2.896812
v -0.023920 1.252896 -2.427010
v -0.104830 1.252896 -2.193008
v -0.108310 1.252896 -1.879814
v -0.026530 1.252896 -2.192108
v -0.030010 1.252896 -1.878914
v -0.110920 1.252896 -1.644913
v -0.116140 1.252896 -1.175110
v -0.032620 1.252896 -1.644012
v -0.037840 1.252896 -1.174210
v -0.145720 1.252896 1.487190
v -0.146590 1.252896 1.565491
v -0.068290 1.252896 1.566391
v 0.010020 1.252896 1.567192
v 0.089190 1.252896 1.489792
v 0.088320 1.252896 1.568092
v -0.018700 1.252896 -2.896812
v -0.023920 1.252896 -2.427010
v 0.059610 1.252896 -2.896011
v 0.054390 1.252896 -2.426208
v -0.026530 1.252896 -2.192108
v -0.030010 1.252896 -1.878914
v 0.051780 1.252896 -2.191315
v 0.048300 1.252896 -1.878014
v -0.032620 1.252896 -1.644012
v -0.037840 1.252896 -1.174210
v 0.045690 1.252896 -1.643112
v 0.040470 1.252896 -1.173309
v 0.059610 1.252896 -2.896011
v 0.054390 1.252896 -2.426208
v 0.137910 1.252896 -2.895111
v 0.132690 1.252896 -2.425308
v 0.051780 1.252896 -2.191315
v 0.048300 1.252896 -1.878014
v 0.130080 1.252896 -2.190414
v 0.126600 1.252896 -1.877213
v 0.045690 1.252896 -1.643112
v 0.040470 1.252896 -1.173309
v 0.123990 1.252896 -1.642311
v 0.118770 1.252896 -1.172508
v 0.191850 1.252896 -0.701813
v 0.183150 1.252896 0.081192
v 0.270150 1.252896 -0.700912
v 0.180540 1.252896 0.316193
v 0.258840 1.252896 0.316986
v -0.199660 1.096286 -0.706108
v -0.199660 1.017976 -0.706108
v -0.277960 1.017976 -0.707008
v -0.199660 1.174586 -0.706108
v -0.277960 1.252896 -0.707008
v -0.199660 1.252896 -0.706108
v 0.191850 1.096286 -0.701813
v 0.270150 1.017976 -0.700912
v 0.191850 1.017976 -0.701813
v 0.191850 1.174586 -0.701813
v 0.191850 1.252896 -0.701813
v 0.270150 1.252896 -0.700912
v -0.121360 1.801046 -0.705315
v -0.043060 1.722736 -0.704414
v -0.121360 1.722736 -0.705315
v -0.043060 1.801046 -0.704414
v -0.043060 1.801046 -0.704414
v 0.035250 1.722736 -0.703514
v -0.043060 1.722736 -0.704414
v 0.035250 1.801046 -0.703514
v 0.035250 1.801046 -0.703514
v 0.113550 1.722736 -0.702614
v 0.035250 1.722736 -0.703514
v 0.113550 1.801046 -0.702614
v -0.123970 0.783055 -0.470314
v -0.205750 0.783055 -0.158012
v -0.202270 0.783055 -0.471214
v -0.127450 0.783055 -0.157112
v -0.131800 0.783055 0.234390
v -0.213580 0.783055 0.546692
v -0.210100 0.783055 0.233490
v -0.135280 0.783055 0.547592
v -0.045670 0.783055 -0.469513
v -0.127450 0.783055 -0.157112
v -0.123970 0.783055 -0.470314
v -0.047410 0.783055 -0.312912
v -0.048280 0.783055 -0.234612
v -0.049150 0.783055 -0.156311
v 0.030900 0.783055 -0.312012
v -0.047410 0.783055 -0.312912
v -0.045670 0.783055 -0.469513
v 0.110940 0.783055 -0.467712
v 0.030030 0.783055 -0.233711
v 0.107460 0.783055 -0.154510
v -0.049150 0.783055 -0.156311
v -0.048280 0.783055 -0.234612
v 0.103110 0.783055 0.236992
v -0.135280 0.783055 0.547592
v -0.131800 0.783055 0.234390
v 0.099630 0.783055 0.550186
v 0.189240 0.783055 -0.466911
v 0.107460 0.783055 -0.154510
v 0.110940 0.783055 -0.467712
v 0.185760 0.783055 -0.153709
v 0.181410 0.783055 0.237785
v 0.099630 0.783055 0.550186
v 0.103110 0.783055 0.236992
v 0.177930 0.783055 0.551086
v 0.220560 0.939668 -3.285713
v 0.220560 1.331206 -3.285713
v 0.219690 1.017976 -3.207413
v 0.218820 1.017976 -3.129112
v 0.217080 1.017976 -2.972511
v 0.219690 1.096286 -3.207413
v 0.216210 0.939668 -2.894211
v 0.217080 1.096286 -2.972511
v 0.217080 1.252896 -2.972511
v 0.216210 1.331206 -2.894211
v 0.218820 1.252896 -3.129112
v 0.219690 1.252896 -3.207413
v 0.219690 1.174586 -3.207413
v 0.219690 1.017976 -3.207413
v 0.219690 1.096286 -3.207413
v 0.218820 1.017976 -3.129112
v 0.218820 1.096286 -3.129112
v 0.219690 1.096286 -3.207413
v 0.219690 1.174586 -3.207413
v 0.218820 1.096286 -3.129112
v 0.218820 1.174586 -3.129112
v 0.217080 1.096286 -2.972511
v 0.218820 1.252896 -3.129112
v 0.217080 1.252896 -2.972511
v 0.219690 1.174586 -3.207413
v 0.219690 1.252896 -3.207413
v 0.218820 1.174586 -3.129112
v 0.218820 1.252896 -3.129112
v 0.218820 1.017976 -3.129112
v 0.218820 1.096286 -3.129112
v 0.217080 1.017976 -2.972511
v 0.217080 1.096286 -2.972511
v 0.210990 0.626441 -2.424408
v 0.210990 1.644426 -2.424408
v 0.210120 0.704748 -2.346107
v 0.209250 0.704748 -2.267815
v 0.210120 0.783055 -2.346107
v 0.208380 0.626441 -2.189514
v 0.210120 0.861361 -2.346107
v 0.210120 1.096286 -2.346107
v 0.209250 0.783055 -2.267815
v 0.209250 0.861361 -2.267815
v 0.209250 1.096286 -2.267815
v 0.210120 1.174586 -2.346107
v 0.209250 1.174586 -2.267815
v 0.209250 1.252896 -2.267815
v 0.209250 1.409506 -2.267815
v 0.209250 1.566126 -2.267815
v 0.208380 1.644426 -2.189514
v 0.210120 1.566126 -2.346107
v 0.210120 1.409506 -2.346107
v 0.210120 1.252896 -2.346107
v 0.210120 0.704748 -2.346107
v 0.210120 0.783055 -2.346107
v 0.209250 0.704748 -2.267815
v 0.209250 0.783055 -2.267815
v 0.210120 0.783055 -2.346107
v 0.210120 0.861361 -2.346107
v 0.209250 0.783055 -2.267815
v 0.209250 0.861361 -2.267815
v 0.210120 0.861361 -2.346107
v 0.210120 1.096286 -2.346107
v 0.209250 0.861361 -2.267815
v 0.209250 1.096286 -2.267815
v 0.210120 1.096286 -2.346107
v 0.210120 1.174586 -2.346107
v 0.209250 1.096286 -2.267815
v 0.209250 1.174586 -2.267815
v 0.210120 1.174586 -2.346107
v 0.210120 1.252896 -2.346107
v 0.209250 1.174586 -2.267815
v 0.209250 1.252896 -2.267815
v 0.210120 1.252896 -2.346107
v 0.210120 1.409506 -2.346107
v 0.209250 1.252896 -2.267815
v 0.209250 1.409506 -2.267815
v 0.210120 1.409506 -2.346107
v 0.210120 1.566126 -2.346107
v 0.209250 1.409506 -2.267815
v 0.209250 1.566126 -2.267815
v 0.204900 0.626441 -1.876312
v 0.204900 1.644426 -1.876312
v 0.204030 0.704748 -1.798012
v 0.203160 0.704748 -1.719711
v 0.204030 0.783055 -1.798012
v 0.202290 0.626441 -1.641411
v 0.204030 0.861361 -1.798012
v 0.204030 1.096286 -1.798012
v 0.203160 0.783055 -1.719711
v 0.203160 0.861361 -1.719711
v 0.203160 1.096286 -1.719711
v 0.204030 1.174586 -1.798012
v 0.203160 1.174586 -1.719711
v 0.203160 1.252896 -1.719711
v 0.203160 1.409506 -1.719711
v 0.203160 1.566126 -1.719711
v 0.202290 1.644426 -1.641411
v 0.204030 1.566126 -1.798012
v 0.204030 1.409506 -1.798012
v 0.204030 1.252896 -1.798012
v 0.204030 0.704748 -1.798012
v 0.204030 0.783055 -1.798012
v 0.203160 0.704748 -1.719711
v 0.203160 0.783055 -1.719711
v 0.204030 0.783055 -1.798012
v 0.204030 0.861361 -1.798012
v 0.203160 0.783055 -1.719711
v 0.203160 0.861361 -1.719711
v 0.204030 0.861361 -1.798012
v 0.204030 1.096286 -1.798012
v 0.203160 0.861361 -1.719711
v 0.203160 1.096286 -1.719711
v 0.204030 1.096286 -1.798012
v 0.204030 1.174586 -1.798012
v 0.203160 1.096286 -1.719711
v 0.203160 1.174586 -1.719711
v 0.204030 1.174586 -1.798012
v 0.204030 1.252896 -1.798012
v 0.203160 1.174586 -1.719711
v 0.203160 1.252896 -1.719711
v 0.204030 1.252896 -1.798012
v 0.204030 1.409506 -1.798012
v 0.203160 1.252896 -1.719711
v 0.203160 1.409506 -1.719711
v 0.204030 1.409506 -1.798012
v 0.204030 1.566126 -1.798012
v 0.203160 1.409506 -1.719711
v 0.203160 1.566126 -1.719711
v 0.197070 0.626441 -1.171608
v 0.197070 1.644426 -1.171608
v 0.196200 0.704748 -1.093307
v 0.195330 0.626441 -1.015015
v 0.196200 0.783055 -1.093307
v 0.195330 0.704748 -1.015015
v 0.196200 0.939668 -1.093307
v 0.194460 0.548134 -0.936714
v 0.195330 0.548134 -1.015015
v 0.194460 0.626441 -0.936714
v 0.194460 0.704748 -0.936714
v 0.193590 0.078293 -0.858414
v 0.194460 -0.000013 -0.936714
v 0.193590 0.156600 -0.858414
v 0.192720 0.078293 -0.780113
v 0.193590 0.234907 -0.858414
v 0.191850 0.078293 -0.701813
v 0.190980 0.078293 -0.623512
v 0.190110 0.078293 -0.545212
v 0.193590 0.313214 -0.858414
v 0.189240 -0.000013 -0.466911
v 0.193590 0.391520 -0.858414
v 0.193590 0.469827 -0.858414
v 0.193590 0.548134 -0.858414
v 0.192720 0.548134 -0.780113
v 0.192720 0.626441 -0.780113
v 0.191850 0.626441 -0.701813
v 0.190980 0.548134 -0.623512
v 0.190980 0.626441 -0.623512
v 0.190110 0.548134 -0.545212
v 0.190110 0.626441 -0.545212
v 0.190110 0.469827 -0.545212
v 0.190110 0.783055 -0.545212
v 0.190110 0.391520 -0.545212
v 0.190110 0.313214 -0.545212
v 0.190110 0.234907 -0.545212
v 0.190110 0.156600 -0.545212
v 0.190110 0.861361 -0.545212
v 0.189240 0.783055 -0.466911
v 0.185760 0.783055 -0.153709
v 0.185760 0.861361 -0.153709
v 0.185760 0.548134 -0.153709
v 0.184890 0.548134 -0.075409
v 0.184890 0.626441 -0.075409
v 0.184890 0.783055 -0.075409
v 0.184020 0.469827 0.002892
v 0.184890 0.469827 -0.075409
v 0.184020 0.548134 0.002892
v 0.184020 0.626441 0.002892
v 0.183150 0.391520 0.081192
v 0.183150 0.469827 0.081192
v 0.183150 0.313214 0.081192
v 0.184020 0.313214 0.002892
v 0.183150 0.234907 0.081192
v 0.182280 0.234907 0.159492
v 0.182280 0.313214 0.159492
v 0.182280 0.156600 0.159492
v 0.180540 0.234907 0.316193
v 0.179670 0.234907 0.394485
v 0.177930 0.156600 0.551086
v 0.177930 0.234907 0.551086
v 0.177930 0.313214 0.551086
v 0.177060 0.313214 0.629387
v 0.175320 0.234907 0.785988
v 0.175320 0.313214 0.785988
v 0.175320 0.391520 0.785988
v 0.174450 0.391520 0.864288
v 0.173580 0.313214 0.942589
v 0.173580 0.391520 0.942589
v 0.173580 0.469827 0.942589
v 0.172710 0.469827 1.020889
v 0.171840 0.469827 1.099190
v 0.170970 0.391520 1.177490
v 0.170970 0.469827 1.177490
v 0.169230 0.548134 1.334091
v 0.168360 0.548134 1.412392
v 0.166620 0.548134 1.568993
v 0.170100 0.548134 1.255791
v 0.165750 0.469827 1.647285
v 0.170970 0.548134 1.177490
v 0.166620 0.626441 1.568993
v 0.166620 0.704748 1.568993
v 0.165750 0.704748 1.647285
v 0.170970 0.626441 1.177490
v 0.171840 0.626441 1.099190
v 0.171840 0.861361 1.099190
v 0.171840 0.939668 1.099190
v 0.171840 1.017976 1.099190
v 0.171840 1.174586 1.099190
v 0.171840 1.331206 1.099190
v 0.170970 0.704748 1.177490
v 0.170100 0.626441 1.255791
v 0.170100 0.704748 1.255791
v 0.170970 0.783055 1.177490
v 0.170970 0.861361 1.177490
v 0.170970 0.939668 1.177490
v 0.170970 1.017976 1.177490
v 0.170970 1.096286 1.177490
v 0.170970 1.174586 1.177490
v 0.170970 1.252896 1.177490
v 0.170970 1.331206 1.177490
v 0.170100 1.252896 1.255791
v 0.170970 1.409506 1.177490
v 0.170100 1.331206 1.255791
v 0.170100 1.409506 1.255791
v 0.184020 1.487816 0.002892
v 0.175320 1.409506 0.785988
v 0.169230 1.409506 1.334091
v 0.178800 1.409506 0.472786
v 0.168360 1.409506 1.412392
v 0.183150 1.409506 0.081192
v 0.184020 1.409506 0.002892
v 0.166620 1.409506 1.568993
v 0.165750 1.487816 1.647285
v 0.165750 1.252896 1.647285
v 0.166620 1.331206 1.568993
v 0.166620 1.252896 1.568993
v 0.184890 1.566126 -0.075409
v 0.184020 1.566126 0.002892
v 0.184890 1.487816 -0.075409
v 0.185760 1.566126 -0.153709
v 0.185760 1.487816 -0.153709
v 0.186630 1.644426 -0.232010
v 0.184890 1.644426 -0.075409
v 0.186630 1.566126 -0.232010
v 0.187500 1.644426 -0.310310
v 0.187500 1.566126 -0.310310
v 0.192720 1.722736 -0.780113
v 0.186630 1.722736 -0.232010
v 0.188370 1.644426 -0.388611
v 0.189240 1.644426 -0.466911
v 0.190110 1.644426 -0.545212
v 0.190980 1.644426 -0.623512
v 0.191850 1.644426 -0.701813
v 0.191850 1.566126 -0.701813
v 0.192720 1.644426 -0.780113
v 0.192720 1.566126 -0.780113
v 0.193590 1.566126 -0.858414
v 0.194460 1.566126 -0.936714
v 0.195330 1.566126 -1.015015
v 0.196200 1.566126 -1.093307
v 0.196200 1.487816 -1.093307
v 0.196200 1.409506 -1.093307
v 0.196200 1.331206 -1.093307
v 0.196200 1.252896 -1.093307
v 0.195330 1.252896 -1.015015
v 0.196200 1.017976 -1.093307
v 0.195330 1.331206 -1.015015
v 0.194460 1.252896 -0.936714
v 0.195330 0.939668 -1.015015
v 0.194460 1.331206 -0.936714
v 0.195330 1.017976 -1.015015
v 0.193590 1.252896 -0.858414
v 0.194460 0.939668 -0.936714
v 0.193590 1.331206 -0.858414
v 0.192720 1.252896 -0.780113
v 0.192720 1.331206 -0.780113
v 0.194460 1.017976 -0.936714
v 0.193590 0.939668 -0.858414
v 0.193590 1.017976 -0.858414
v 0.192720 0.939668 -0.780113
v 0.192720 1.017976 -0.780113
v 0.196200 0.704748 -1.093307
v 0.196200 0.783055 -1.093307
v 0.195330 0.704748 -1.015015
v 0.195330 0.783055 -1.015015
v 0.196200 0.783055 -1.093307
v 0.196200 0.939668 -1.093307
v 0.195330 0.783055 -1.015015
v 0.195330 0.939668 -1.015015
v 0.196200 1.017976 -1.093307
v 0.196200 1.252896 -1.093307
v 0.195330 1.017976 -1.015015
v 0.195330 1.252896 -1.015015
v 0.196200 1.331206 -1.093307
v 0.196200 1.409506 -1.093307
v 0.195330 1.331206 -1.015015
v 0.195330 1.409506 -1.015015
v 0.196200 1.409506 -1.093307
v 0.196200 1.487816 -1.093307
v 0.195330 1.409506 -1.015015
v 0.195330 1.487816 -1.015015
v 0.196200 1.487816 -1.093307
v 0.196200 1.566126 -1.093307
v 0.195330 1.487816 -1.015015
v 0.195330 1.566126 -1.015015
v 0.195330 0.704748 -1.015015
v 0.195330 0.783055 -1.015015
v 0.194460 0.704748 -0.936714
v 0.194460 0.783055 -0.936714
v 0.195330 0.783055 -1.015015
v 0.195330 0.939668 -1.015015
v 0.194460 0.783055 -0.936714
v 0.194460 0.861361 -0.936714
v 0.194460 0.939668 -0.936714
v 0.195330 1.017976 -1.015015
v 0.195330 1.252896 -1.015015
v 0.194460 1.017976 -0.936714
v 0.194460 1.252896 -0.936714
v 0.195330 1.331206 -1.015015
v 0.195330 1.409506 -1.015015
v 0.194460 1.331206 -0.936714
v 0.194460 1.409506 -0.936714
v 0.195330 1.409506 -1.015015
v 0.195330 1.487816 -1.015015
v 0.194460 1.409506 -0.936714
v 0.195330 1.566126 -1.015015
v 0.194460 1.487816 -0.936714
v 0.194460 1.566126 -0.936714
v 0.194460 0.704748 -0.936714
v 0.194460 0.783055 -0.936714
v 0.193590 0.704748 -0.858414
v 0.193590 0.783055 -0.858414
v 0.194460 0.626441 -0.936714
v 0.194460 0.704748 -0.936714
v 0.193590 0.704748 -0.858414
v 0.192720 0.626441 -0.780113
v 0.193590 0.783055 -0.858414
v 0.192720 0.783055 -0.780113
v 0.194460 0.783055 -0.936714
v 0.194460 0.861361 -0.936714
v 0.193590 0.783055 -0.858414
v 0.193590 0.861361 -0.858414
v 0.194460 0.861361 -0.936714
v 0.194460 0.939668 -0.936714
v 0.193590 0.861361 -0.858414
v 0.193590 0.939668 -0.858414
v 0.194460 1.017976 -0.936714
v 0.194460 1.252896 -0.936714
v 0.193590 1.017976 -0.858414
v 0.193590 1.096286 -0.858414
v 0.193590 1.174586 -0.858414
v 0.193590 1.252896 -0.858414
v 0.192720 1.096286 -0.780113
v 0.192720 1.174586 -0.780113
v 0.191850 1.017976 -0.701813
v 0.191850 1.096286 -0.701813
v 0.192720 1.017976 -0.780113
v 0.192720 1.252896 -0.780113
v 0.191850 1.174586 -0.701813
v 0.191850 1.252896 -0.701813
v 0.194460 1.331206 -0.936714
v 0.194460 1.409506 -0.936714
v 0.193590 1.331206 -0.858414
v 0.193590 1.409506 -0.858414
v 0.194460 1.409506 -0.936714
v 0.194460 1.487816 -0.936714
v 0.193590 1.409506 -0.858414
v 0.193590 1.487816 -0.858414
v 0.194460 1.487816 -0.936714
v 0.194460 1.566126 -0.936714
v 0.193590 1.487816 -0.858414
v 0.193590 1.566126 -0.858414
v 0.193590 0.078293 -0.858414
v 0.193590 0.156600 -0.858414
v 0.192720 0.078293 -0.780113
v 0.192720 0.156600 -0.780113
v 0.193590 0.156600 -0.858414
v 0.193590 0.234907 -0.858414
v 0.192720 0.156600 -0.780113
v 0.192720 0.234907 -0.780113
v 0.193590 0.234907 -0.858414
v 0.193590 0.313214 -0.858414
v 0.192720 0.234907 -0.780113
v 0.192720 0.313214 -0.780113
v 0.193590 0.313214 -0.858414
v 0.193590 0.391520 -0.858414
v 0.192720 0.313214 -0.780113
v 0.192720 0.391520 -0.780113
v 0.193590 0.391520 -0.858414
v 0.193590 0.469827 -0.858414
v 0.192720 0.391520 -0.780113
v 0.192720 0.469827 -0.780113
v 0.193590 0.469827 -0.858414
v 0.193590 0.548134 -0.858414
v 0.192720 0.469827 -0.780113
v 0.192720 0.548134 -0.780113
v 0.193590 0.783055 -0.858414
v 0.193590 0.861361 -0.858414
v 0.192720 0.783055 -0.780113
v 0.192720 0.861361 -0.780113
v 0.193590 0.861361 -0.858414
v 0.193590 0.939668 -0.858414
v 0.192720 0.861361 -0.780113
v 0.192720 0.939668 -0.780113
v 0.193590 1.017976 -0.858414
v 0.193590 1.096286 -0.858414
v 0.192720 1.017976 -0.780113
v 0.192720 1.096286 -0.780113
v 0.193590 1.174586 -0.858414
v 0.193590 1.252896 -0.858414
v 0.192720 1.174586 -0.780113
v 0.192720 1.252896 -0.780113
v 0.193590 1.331206 -0.858414
v 0.193590 1.409506 -0.858414
v 0.192720 1.331206 -0.780113
v 0.192720 1.409506 -0.780113
v 0.193590 1.409506 -0.858414
v 0.193590 1.487816 -0.858414
v 0.192720 1.409506 -0.780113
v 0.192720 1.487816 -0.780113
v 0.193590 1.487816 -0.858414
v 0.193590 1.566126 -0.858414
v 0.192720 1.487816 -0.780113
v 0.192720 1.566126 -0.780113
v 0.192720 0.078293 -0.780113
v 0.192720 0.156600 -0.780113
v 0.191850 0.078293 -0.701813
v 0.191850 0.156600 -0.701813
v 0.192720 0.156600 -0.780113
v 0.192720 0.234907 -0.780113
v 0.191850 0.156600 -0.701813
v 0.191850 0.234907 -0.701813
v 0.192720 0.234907 -0.780113
v 0.192720 0.313214 -0.780113
v 0.191850 0.234907 -0.701813
v 0.191850 0.313214 -0.701813
v 0.190980 0.156600 -0.623512
v 0.190980 0.234907 -0.623512
v 0.191850 0.156600 -0.701813
v 0.191850 0.391520 -0.701813
v 0.190980 0.313214 -0.623512
v 0.190980 0.391520 -0.623512
v 0.192720 0.313214 -0.780113
v 0.192720 0.391520 -0.780113
v 0.191850 0.313214 -0.701813
v 0.191850 0.391520 -0.701813
v 0.192720 0.391520 -0.780113
v 0.192720 0.469827 -0.780113
v 0.191850 0.391520 -0.701813
v 0.191850 0.469827 -0.701813
v 0.192720 0.469827 -0.780113
v 0.192720 0.548134 -0.780113
v 0.191850 0.469827 -0.701813
v 0.190980 0.469827 -0.623512
v 0.190980 0.548134 -0.623512
v 0.192720 0.626441 -0.780113
v 0.192720 0.783055 -0.780113
v 0.191850 0.626441 -0.701813
v 0.191850 0.783055 -0.701813
v 0.192720 0.939668 -0.780113
v 0.192720 1.017976 -0.780113
v 0.191850 0.783055 -0.701813
v 0.192720 0.861361 -0.780113
v 0.192720 0.783055 -0.780113
v 0.191850 0.939668 -0.701813
v 0.191850 1.017976 -0.701813
v 0.190980 0.783055 -0.623512
v 0.190980 0.861361 -0.623512
v 0.190980 0.939668 -0.623512
v 0.190110 0.783055 -0.545212
v 0.190110 0.861361 -0.545212
v 0.192720 1.096286 -0.780113
v 0.192720 1.174586 -0.780113
v 0.191850 1.096286 -0.701813
v 0.191850 1.174586 -0.701813
v 0.192720 1.252896 -0.780113
v 0.192720 1.331206 -0.780113
v 0.191850 1.252896 -0.701813
v 0.191850 1.331206 -0.701813
v 0.184890 1.331206 -0.075409
v 0.183150 1.252896 0.081192
v 0.183150 1.331206 0.081192
v 0.192720 1.331206 -0.780113
v 0.192720 1.409506 -0.780113
v 0.191850 1.331206 -0.701813
v 0.191850 1.409506 -0.701813
v 0.192720 1.487816 -0.780113
v 0.192720 1.566126 -0.780113
v 0.191850 1.409506 -0.701813
v 0.192720 1.409506 -0.780113
v 0.191850 1.487816 -0.701813
v 0.191850 1.566126 -0.701813
v 0.192720 1.801046 -0.780113
v 0.192720 2.114266 -0.780113
v 0.191850 1.879346 -0.701813
v 0.190980 1.879346 -0.623512
v 0.191850 1.957656 -0.701813
v 0.190110 1.879346 -0.545212
v 0.184890 1.879346 -0.075409
v 0.184020 1.879346 0.002892
v 0.183150 1.879346 0.081192
v 0.182280 1.801046 0.159492
v 0.183150 1.957656 0.081192
v 0.183150 2.035966 0.081192
v 0.182280 2.114266 0.159492
v 0.184020 2.035966 0.002892
v 0.184890 2.035966 -0.075409
v 0.190110 2.035966 -0.545212
v 0.190980 2.035966 -0.623512
v 0.191850 2.035966 -0.701813
v 0.191850 0.078293 -0.701813
v 0.191850 0.156600 -0.701813
v 0.190980 0.078293 -0.623512
v 0.190980 0.156600 -0.623512
v 0.190980 0.234907 -0.623512
v 0.190110 0.156600 -0.545212
v 0.190110 0.234907 -0.545212
v 0.191850 0.234907 -0.701813
v 0.191850 0.313214 -0.701813
v 0.190980 0.234907 -0.623512
v 0.190980 0.313214 -0.623512
v 0.191850 0.391520 -0.701813
v 0.191850 0.469827 -0.701813
v 0.190980 0.391520 -0.623512
v 0.190980 0.469827 -0.623512
v 0.191850 0.626441 -0.701813
v 0.191850 0.783055 -0.701813
v 0.190980 0.626441 -0.623512
v 0.190980 0.783055 -0.623512
v 0.191850 0.939668 -0.701813
v 0.191850 1.017976 -0.701813
v 0.190980 0.939668 -0.623512
v 0.180540 1.017976 0.316193
v 0.179670 0.939668 0.394485
v 0.179670 1.017976 0.394485
v 0.178800 0.939668 0.472786
v 0.179670 0.861361 0.394485
v 0.177060 0.861361 0.629387
v 0.179670 1.096286 0.394485
v 0.176190 0.861361 0.707687
v 0.178800 1.017976 0.472786
v 0.176190 0.939668 0.707687
v 0.178800 1.096286 0.472786
v 0.175320 0.861361 0.785988
v 0.177930 1.017976 0.551086
v 0.178800 1.252896 0.472786
v 0.178800 1.331206 0.472786
v 0.176190 1.017976 0.707687
v 0.178800 1.409506 0.472786
v 0.177930 1.252896 0.551086
v 0.177930 1.331206 0.551086
v 0.176190 1.331206 0.707687
v 0.175320 1.331206 0.785988
v 0.175320 1.409506 0.785988
v 0.175320 1.252896 0.785988
v 0.175320 1.174586 0.785988
v 0.176190 1.252896 0.707687
v 0.176190 1.174586 0.707687
v 0.177060 1.252896 0.629387
v 0.177060 1.017976 0.629387
v 0.176190 1.096286 0.707687
v 0.175320 0.939668 0.785988
v 0.175320 1.017976 0.785988
v 0.175320 1.096286 0.785988
v 0.191850 1.566126 -0.701813
v 0.191850 1.644426 -0.701813
v 0.190980 1.566126 -0.623512
v 0.190980 1.644426 -0.623512
v 0.191850 1.487816 -0.701813
v 0.191850 1.566126 -0.701813
v 0.190980 1.566126 -0.623512
v 0.190110 1.487816 -0.545212
v 0.190110 1.566126 -0.545212
v 0.191850 1.879346 -0.701813
v 0.191850 1.957656 -0.701813
v 0.190980 1.879346 -0.623512
v 0.190980 1.957656 -0.623512
v 0.191850 1.957656 -0.701813
v 0.191850 2.035966 -0.701813
v 0.190980 1.957656 -0.623512
v 0.190980 2.035966 -0.623512
v 0.190980 0.078293 -0.623512
v 0.190980 0.156600 -0.623512
v 0.190110 0.078293 -0.545212
v 0.190110 0.156600 -0.545212
v 0.190980 0.234907 -0.623512
v 0.190980 0.313214 -0.623512
v 0.190110 0.234907 -0.545212
v 0.190110 0.313214 -0.545212
v 0.190980 0.313214 -0.623512
v 0.190980 0.391520 -0.623512
v 0.190110 0.313214 -0.545212
v 0.190110 0.391520 -0.545212
v 0.190980 0.391520 -0.623512
v 0.190980 0.469827 -0.623512
v 0.190110 0.391520 -0.545212
v 0.190110 0.469827 -0.545212
v 0.190980 0.469827 -0.623512
v 0.190980 0.548134 -0.623512
v 0.190110 0.469827 -0.545212
v 0.190110 0.548134 -0.545212
v 0.190980 0.626441 -0.623512
v 0.190980 0.783055 -0.623512
v 0.190110 0.626441 -0.545212
v 0.190110 0.783055 -0.545212
v 0.190980 0.861361 -0.623512
v 0.190980 0.939668 -0.623512
v 0.190110 0.861361 -0.545212
v 0.185760 0.861361 -0.153709
v 0.183150 0.861361 0.081192
v 0.182280 0.861361 0.159492
v 0.179670 0.861361 0.394485
v 0.179670 0.939668 0.394485
v 0.182280 0.704748 0.159492
v 0.183150 0.783055 0.081192
v 0.183150 0.704748 0.081192
v 0.191850 1.409506 -0.701813
v 0.191850 1.487816 -0.701813
v 0.190110 1.409506 -0.545212
v 0.190110 1.487816 -0.545212
v 0.191850 1.331206 -0.701813
v 0.191850 1.409506 -0.701813
v 0.190110 1.409506 -0.545212
v 0.188370 1.409506 -0.388611
v 0.186630 1.409506 -0.232010
v 0.184890 1.331206 -0.075409
v 0.184890 1.409506 -0.075409
v 0.190980 1.566126 -0.623512
v 0.190980 1.644426 -0.623512
v 0.190110 1.566126 -0.545212
v 0.190110 1.644426 -0.545212
v 0.190980 1.879346 -0.623512
v 0.190980 1.957656 -0.623512
v 0.190110 1.879346 -0.545212
v 0.190110 1.957656 -0.545212
v 0.190980 1.957656 -0.623512
v 0.190980 2.035966 -0.623512
v 0.190110 1.957656 -0.545212
v 0.190110 2.035966 -0.545212
v 0.190110 1.566126 -0.545212
v 0.190110 1.644426 -0.545212
v 0.189240 1.566126 -0.466911
v 0.189240 1.644426 -0.466911
v 0.190110 1.487816 -0.545212
v 0.190110 1.566126 -0.545212
v 0.189240 1.566126 -0.466911
v 0.188370 1.487816 -0.388611
v 0.188370 1.566126 -0.388611
v 0.190110 1.409506 -0.545212
v 0.190110 1.487816 -0.545212
v 0.188370 1.409506 -0.388611
v 0.188370 1.487816 -0.388611
v 0.189240 1.566126 -0.466911
v 0.189240 1.644426 -0.466911
v 0.188370 1.566126 -0.388611
v 0.188370 1.644426 -0.388611
v 0.188370 1.487816 -0.388611
v 0.188370 1.566126 -0.388611
v 0.187500 1.566126 -0.310310
v 0.186630 1.487816 -0.232010
v 0.186630 1.566126 -0.232010
v 0.188370 1.566126 -0.388611
v 0.188370 1.644426 -0.388611
v 0.187500 1.566126 -0.310310
v 0.187500 1.644426 -0.310310
v 0.188370 1.409506 -0.388611
v 0.188370 1.487816 -0.388611
v 0.186630 1.409506 -0.232010
v 0.186630 1.487816 -0.232010
v 0.186630 1.487816 -0.232010
v 0.186630 1.566126 -0.232010
v 0.185760 1.487816 -0.153709
v 0.185760 1.566126 -0.153709
v 0.186630 1.409506 -0.232010
v 0.186630 1.487816 -0.232010
v 0.185760 1.487816 -0.153709
v 0.184890 1.409506 -0.075409
v 0.184890 1.487816 -0.075409
v 0.184890 1.331206 -0.075409
v 0.184020 1.409506 0.002892
v 0.183150 1.331206 0.081192
v 0.183150 1.409506 0.081192
v 0.178800 1.252896 0.472786
v 0.178800 1.331206 0.472786
v 0.180540 1.252896 0.316193
v 0.183150 1.252896 0.081192
v 0.185760 0.783055 -0.153709
v 0.185760 0.861361 -0.153709
v 0.184890 0.783055 -0.075409
v 0.184020 0.783055 0.002892
v 0.183150 0.783055 0.081192
v 0.183150 0.861361 0.081192
v 0.184020 0.626441 0.002892
v 0.184890 0.626441 -0.075409
v 0.184020 0.548134 0.002892
v 0.183150 0.548134 0.081192
v 0.183150 0.626441 0.081192
v 0.182280 0.469827 0.159492
v 0.182280 0.548134 0.159492
v 0.183150 0.469827 0.081192
v 0.190110 1.879346 -0.545212
v 0.190110 1.957656 -0.545212
v 0.184890 1.879346 -0.075409
v 0.184890 1.957656 -0.075409
v 0.190110 1.957656 -0.545212
v 0.190110 2.035966 -0.545212
v 0.184890 1.957656 -0.075409
v 0.184890 2.035966 -0.075409
v 0.184890 1.409506 -0.075409
v 0.184890 1.487816 -0.075409
v 0.184020 1.409506 0.002892
v 0.184020 1.487816 0.002892
v 0.184890 1.879346 -0.075409
v 0.184890 1.957656 -0.075409
v 0.184020 1.879346 0.002892
v 0.184020 1.957656 0.002892
v 0.184890 1.957656 -0.075409
v 0.184890 2.035966 -0.075409
v 0.184020 1.957656 0.002892
v 0.184020 2.035966 0.002892
v 0.184020 0.469827 0.002892
v 0.184020 0.548134 0.002892
v 0.183150 0.469827 0.081192
v 0.183150 0.548134 0.081192
v 0.184020 0.626441 0.002892
v 0.184020 0.783055 0.002892
v 0.183150 0.626441 0.081192
v 0.183150 0.704748 0.081192
v 0.183150 0.783055 0.081192
v 0.184020 1.879346 0.002892
v 0.184020 1.957656 0.002892
v 0.183150 1.879346 0.081192
v 0.183150 1.957656 0.081192
v 0.184020 1.957656 0.002892
v 0.184020 2.035966 0.002892
v 0.183150 1.957656 0.081192
v 0.183150 2.035966 0.081192
v 0.183150 0.313214 0.081192
v 0.183150 0.391520 0.081192
v 0.182280 0.313214 0.159492
v 0.182280 0.391520 0.159492
v 0.183150 0.391520 0.081192
v 0.183150 0.469827 0.081192
v 0.182280 0.391520 0.159492
v 0.182280 0.469827 0.159492
v 0.183150 0.548134 0.081192
v 0.183150 0.626441 0.081192
v 0.182280 0.548134 0.159492
v 0.182280 0.626441 0.159492
v 0.183150 0.626441 0.081192
v 0.183150 0.704748 0.081192
v 0.182280 0.626441 0.159492
v 0.182280 0.704748 0.159492
v 0.182280 0.234907 0.159492
v 0.182280 0.313214 0.159492
v 0.181410 0.313214 0.237785
v 0.180540 0.234907 0.316193
v 0.180540 0.313214 0.316193
v 0.182280 0.313214 0.159492
v 0.182280 0.391520 0.159492
v 0.181410 0.313214 0.237785
v 0.181410 0.391520 0.237785
v 0.182280 0.391520 0.159492
v 0.182280 0.469827 0.159492
v 0.181410 0.391520 0.237785
v 0.181410 0.469827 0.237785
v 0.182280 0.469827 0.159492
v 0.182280 0.548134 0.159492
v 0.181410 0.469827 0.237785
v 0.181410 0.548134 0.237785
v 0.177930 0.391520 0.551086
v 0.177930 0.469827 0.551086
v 0.180540 0.391520 0.316193
v 0.180540 0.313214 0.316193
v 0.181410 0.391520 0.237785
v 0.181410 0.313214 0.237785
v 0.182280 0.548134 0.159492
v 0.182280 0.626441 0.159492
v 0.181410 0.548134 0.237785
v 0.182280 0.704748 0.159492
v 0.182280 0.861361 0.159492
v 0.181410 0.783055 0.237785
v 0.179670 0.861361 0.394485
v 0.177930 0.783055 0.551086
v 0.181410 0.469827 0.237785
v 0.177930 0.469827 0.551086
v 0.177060 0.548134 0.629387
v 0.176190 0.469827 0.707687
v 0.177060 0.704748 0.629387
v 0.177930 0.704748 0.551086
v 0.177060 0.783055 0.629387
v 0.177060 0.861361 0.629387
v 0.176190 0.704748 0.707687
v 0.176190 0.783055 0.707687
v 0.180540 0.234907 0.316193
v 0.180540 0.313214 0.316193
v 0.179670 0.234907 0.394485
v 0.179670 0.313214 0.394485
v 0.180540 0.313214 0.316193
v 0.180540 0.391520 0.316193
v 0.179670 0.313214 0.394485
v 0.177930 0.313214 0.551086
v 0.177930 0.391520 0.551086
v 0.177060 0.313214 0.629387
v 0.177930 0.469827 0.551086
v 0.177060 0.391520 0.629387
v 0.176190 0.469827 0.707687
v 0.175320 0.391520 0.785988
v 0.176190 0.704748 0.707687
v 0.175320 0.548134 0.785988
v 0.174450 0.391520 0.864288
v 0.174450 0.469827 0.864288
v 0.174450 0.548134 0.864288
v 0.175320 0.626441 0.785988
v 0.175320 0.704748 0.785988
v 0.174450 0.626441 0.864288
v 0.174450 0.704748 0.864288
v 0.173580 0.626441 0.942589
v 0.173580 0.704748 0.942589
v 0.172710 0.548134 1.020889
v 0.172710 0.626441 1.020889
v 0.171840 0.548134 1.099190
v 0.171840 0.626441 1.099190
v 0.170970 0.548134 1.177490
v 0.170970 0.626441 1.177490
v 0.180540 1.017976 0.316193
v 0.180540 1.252896 0.316193
v 0.179670 1.017976 0.394485
v 0.179670 1.096286 0.394485
v 0.178800 1.096286 0.472786
v 0.178800 1.252896 0.472786
v 0.183150 1.331206 0.081192
v 0.183150 1.409506 0.081192
v 0.178800 1.331206 0.472786
v 0.178800 1.409506 0.472786
v 0.179670 0.234907 0.394485
v 0.179670 0.313214 0.394485
v 0.177930 0.234907 0.551086
v 0.177930 0.313214 0.551086
v 0.178800 0.939668 0.472786
v 0.178800 1.017976 0.472786
v 0.177930 1.017976 0.551086
v 0.177060 1.017976 0.629387
v 0.176190 0.939668 0.707687
v 0.176190 1.017976 0.707687
v 0.177930 1.017976 0.551086
v 0.177930 1.252896 0.551086
v 0.177060 1.017976 0.629387
v 0.177060 1.252896 0.629387
v 0.177930 1.252896 0.551086
v 0.177930 1.331206 0.551086
v 0.177060 1.252896 0.629387
v 0.176190 1.252896 0.707687
v 0.176190 1.331206 0.707687
v 0.177060 0.783055 0.629387
v 0.177060 0.861361 0.629387
v 0.176190 0.783055 0.707687
v 0.176190 0.861361 0.707687
v 0.177060 0.313214 0.629387
v 0.177060 0.391520 0.629387
v 0.175320 0.313214 0.785988
v 0.175320 0.391520 0.785988
v 0.176190 0.704748 0.707687
v 0.176190 0.783055 0.707687
v 0.175320 0.704748 0.785988
v 0.175320 0.783055 0.785988
v 0.176190 0.783055 0.707687
v 0.176190 0.861361 0.707687
v 0.175320 0.783055 0.785988
v 0.175320 0.861361 0.785988
v 0.176190 1.096286 0.707687
v 0.176190 1.174586 0.707687
v 0.175320 1.096286 0.785988
v 0.175320 1.174586 0.785988
v 0.174450 1.017976 0.864288
v 0.175320 1.017976 0.785988
v 0.175320 1.252896 0.785988
v 0.174450 1.096286 0.864288
v 0.173580 1.252896 0.942589
v 0.172710 1.096286 1.020889
v 0.172710 1.174586 1.020889
v 0.172710 1.252896 1.020889
v 0.171840 1.174586 1.099190
v 0.172710 1.331206 1.020889
v 0.171840 1.331206 1.099190
v 0.175320 0.548134 0.785988
v 0.175320 0.626441 0.785988
v 0.174450 0.548134 0.864288
v 0.174450 0.626441 0.864288
v 0.172710 0.469827 1.020889
v 0.172710 0.548134 1.020889
v 0.173580 0.469827 0.942589
v 0.174450 0.469827 0.864288
v 0.175320 0.704748 0.785988
v 0.175320 0.783055 0.785988
v 0.174450 0.704748 0.864288
v 0.174450 0.783055 0.864288
v 0.175320 0.783055 0.785988
v 0.175320 0.861361 0.785988
v 0.174450 0.783055 0.864288
v 0.174450 0.861361 0.864288
v 0.175320 0.861361 0.785988
v 0.175320 0.939668 0.785988
v 0.174450 0.861361 0.864288
v 0.172710 0.939668 1.020889
v 0.171840 0.861361 1.099190
v 0.171840 0.939668 1.099190
v 0.175320 0.939668 0.785988
v 0.175320 1.017976 0.785988
v 0.174450 1.017976 0.864288
v 0.172710 0.939668 1.020889
v 0.174450 1.096286 0.864288
v 0.172710 1.017976 1.020889
v 0.172710 1.096286 1.020889
v 0.171840 1.017976 1.099190
v 0.172710 1.174586 1.020889
v 0.171840 1.174586 1.099190
v 0.174450 0.391520 0.864288
v 0.174450 0.469827 0.864288
v 0.173580 0.391520 0.942589
v 0.173580 0.469827 0.942589
v 0.174450 0.704748 0.864288
v 0.174450 0.783055 0.864288
v 0.173580 0.704748 0.942589
v 0.173580 0.783055 0.942589
v 0.174450 0.783055 0.864288
v 0.174450 0.861361 0.864288
v 0.173580 0.783055 0.942589
v 0.172710 0.783055 1.020889
v 0.171840 0.861361 1.099190
v 0.171840 0.626441 1.099190
v 0.172710 0.704748 1.020889
v 0.172710 0.626441 1.020889
v 0.175320 1.252896 0.785988
v 0.175320 1.331206 0.785988
v 0.173580 1.252896 0.942589
v 0.173580 1.331206 0.942589
v 0.175320 1.331206 0.785988
v 0.175320 1.409506 0.785988
v 0.173580 1.331206 0.942589
v 0.172710 1.331206 1.020889
v 0.171840 1.331206 1.099190
v 0.170970 1.331206 1.177490
v 0.170970 1.409506 1.177490
v 0.173580 0.626441 0.942589
v 0.173580 0.704748 0.942589
v 0.172710 0.626441 1.020889
v 0.172710 0.704748 1.020889
v 0.173580 0.704748 0.942589
v 0.173580 0.783055 0.942589
v 0.172710 0.704748 1.020889
v 0.172710 0.783055 1.020889
v 0.173580 1.252896 0.942589
v 0.173580 1.331206 0.942589
v 0.172710 1.252896 1.020889
v 0.172710 1.331206 1.020889
v 0.172710 0.469827 1.020889
v 0.172710 0.548134 1.020889
v 0.171840 0.469827 1.099190
v 0.171840 0.548134 1.099190
v 0.172710 0.939668 1.020889
v 0.172710 1.017976 1.020889
v 0.171840 0.939668 1.099190
v 0.171840 1.017976 1.099190
v 0.171840 0.469827 1.099190
v 0.171840 0.548134 1.099190
v 0.170970 0.469827 1.177490
v 0.170970 0.548134 1.177490
v 0.170970 0.704748 1.177490
v 0.170970 0.783055 1.177490
v 0.170100 0.704748 1.255791
v 0.170100 0.783055 1.255791
v 0.169230 0.704748 1.334091
v 0.169230 0.783055 1.334091
v 0.170970 0.783055 1.177490
v 0.170970 0.861361 1.177490
v 0.170100 0.783055 1.255791
v 0.170100 0.861361 1.255791
v 0.170970 0.861361 1.177490
v 0.170970 0.939668 1.177490
v 0.170100 0.861361 1.255791
v 0.170100 0.939668 1.255791
v 0.170970 0.939668 1.177490
v 0.170970 1.017976 1.177490
v 0.170100 0.939668 1.255791
v 0.170100 1.017976 1.255791
v 0.170970 1.017976 1.177490
v 0.170970 1.096286 1.177490
v 0.170100 1.017976 1.255791
v 0.170100 1.096286 1.255791
v 0.170970 1.096286 1.177490
v 0.170970 1.174586 1.177490
v 0.170100 1.096286 1.255791
v 0.170100 1.174586 1.255791
v 0.170970 1.174586 1.177490
v 0.170970 1.252896 1.177490
v 0.170100 1.174586 1.255791
v 0.170100 1.252896 1.255791
v 0.169230 1.174586 1.334091
v 0.169230 1.252896 1.334091
v 0.170100 0.548134 1.255791
v 0.170100 0.626441 1.255791
v 0.169230 0.548134 1.334091
v 0.169230 0.626441 1.334091
v 0.170100 0.626441 1.255791
v 0.170100 0.704748 1.255791
v 0.169230 0.626441 1.334091
v 0.169230 0.704748 1.334091
v 0.170100 0.783055 1.255791
v 0.170100 0.861361 1.255791
v 0.169230 0.783055 1.334091
v 0.169230 0.861361 1.334091
v 0.170100 0.861361 1.255791
v 0.170100 0.939668 1.255791
v 0.169230 0.861361 1.334091
v 0.169230 0.939668 1.334091
v 0.170100 1.017976 1.255791
v 0.170100 1.096286 1.255791
v 0.169230 0.939668 1.334091
v 0.170100 0.939668 1.255791
v 0.169230 1.017976 1.334091
v 0.169230 1.096286 1.334091
v 0.170100 1.096286 1.255791
v 0.170100 1.174586 1.255791
v 0.169230 1.096286 1.334091
v 0.169230 1.174586 1.334091
v 0.170100 1.252896 1.255791
v 0.170100 1.331206 1.255791
v 0.169230 1.252896 1.334091
v 0.169230 1.331206 1.334091
v 0.170100 1.331206 1.255791
v 0.170100 1.409506 1.255791
v 0.169230 1.331206 1.334091
v 0.169230 1.409506 1.334091
v 0.169230 0.548134 1.334091
v 0.169230 0.626441 1.334091
v 0.168360 0.548134 1.412392
v 0.168360 0.626441 1.412392
v 0.169230 0.626441 1.334091
v 0.169230 0.704748 1.334091
v 0.168360 0.626441 1.412392
v 0.168360 0.704748 1.412392
v 0.169230 0.704748 1.334091
v 0.169230 0.783055 1.334091
v 0.168360 0.704748 1.412392
v 0.168360 0.783055 1.412392
v 0.169230 0.783055 1.334091
v 0.169230 0.861361 1.334091
v 0.168360 0.783055 1.412392
v 0.167490 0.783055 1.490692
v 0.167490 0.861361 1.490692
v 0.169230 1.096286 1.334091
v 0.169230 1.174586 1.334091
v 0.168360 1.174586 1.412392
v 0.167490 1.096286 1.490692
v 0.167490 1.174586 1.490692
v 0.169230 1.174586 1.334091
v 0.169230 1.252896 1.334091
v 0.168360 1.174586 1.412392
v 0.168360 1.252896 1.412392
v 0.169230 1.252896 1.334091
v 0.169230 1.331206 1.334091
v 0.168360 1.252896 1.412392
v 0.168360 1.331206 1.412392
v 0.169230 1.331206 1.334091
v 0.169230 1.409506 1.334091
v 0.168360 1.331206 1.412392
v 0.168360 1.409506 1.412392
v 0.168360 0.626441 1.412392
v 0.168360 0.704748 1.412392
v 0.167490 0.704748 1.490692
v 0.166620 0.626441 1.568993
v 0.166620 0.704748 1.568993
v 0.168360 0.704748 1.412392
v 0.168360 0.783055 1.412392
v 0.167490 0.704748 1.490692
v 0.167490 0.783055 1.490692
v 0.169230 0.861361 1.334091
v 0.169230 0.939668 1.334091
v 0.167490 0.861361 1.490692
v 0.167490 0.939668 1.490692
v 0.169230 0.939668 1.334091
v 0.169230 1.017976 1.334091
v 0.167490 0.939668 1.490692
v 0.167490 1.017976 1.490692
v 0.169230 1.017976 1.334091
v 0.169230 1.096286 1.334091
v 0.167490 1.017976 1.490692
v 0.167490 1.096286 1.490692
v 0.168360 1.174586 1.412392
v 0.168360 1.252896 1.412392
v 0.167490 1.174586 1.490692
v 0.167490 1.252896 1.490692
v 0.168360 1.252896 1.412392
v 0.168360 1.331206 1.412392
v 0.167490 1.252896 1.490692
v 0.166620 1.252896 1.568993
v 0.166620 1.331206 1.568993
v 0.168360 0.548134 1.412392
v 0.168360 0.626441 1.412392
v 0.166620 0.548134 1.568993
v 0.166620 0.626441 1.568993
v 0.167490 0.783055 1.490692
v 0.167490 0.861361 1.490692
v 0.167490 0.704748 1.490692
v 0.167490 0.939668 1.490692
v 0.167490 1.017976 1.490692
v 0.167490 1.096286 1.490692
v 0.167490 1.174586 1.490692
v 0.167490 1.252896 1.490692
v 0.168360 1.331206 1.412392
v 0.168360 1.409506 1.412392
v 0.166620 1.331206 1.568993
v 0.166620 1.409506 1.568993
v -0.171820 1.017976 -3.211815
v -0.170950 1.331206 -3.290108
v -0.170950 0.939668 -3.290108
v -0.172690 1.017976 -3.133514
v -0.174430 1.017976 -2.976913
v -0.171820 1.096286 -3.211815
v -0.175300 0.939668 -2.898613
v -0.174430 1.096286 -2.976913
v -0.174430 1.252896 -2.976913
v -0.175300 1.331206 -2.898613
v -0.171820 1.174586 -3.211815
v -0.172690 1.252896 -3.133514
v -0.171820 1.252896 -3.211815
v -0.172690 1.017976 -3.133514
v -0.171820 1.096286 -3.211815
v -0.171820 1.017976 -3.211815
v -0.172690 1.096286 -3.133514
v -0.172690 1.096286 -3.133514
v -0.171820 1.174586 -3.211815
v -0.171820 1.096286 -3.211815
v -0.172690 1.174586 -3.133514
v -0.174430 1.096286 -2.976913
v -0.172690 1.252896 -3.133514
v -0.174430 1.252896 -2.976913
v -0.172690 1.174586 -3.133514
v -0.171820 1.252896 -3.211815
v -0.171820 1.174586 -3.211815
v -0.172690 1.252896 -3.133514
v -0.174430 1.017976 -2.976913
v -0.172690 1.096286 -3.133514
v -0.172690 1.017976 -3.133514
v -0.174430 1.096286 -2.976913
v -0.181390 0.704748 -2.350510
v -0.180520 1.644426 -2.428810
v -0.180520 0.626441 -2.428810
v -0.182260 0.704748 -2.272209
v -0.181390 0.783055 -2.350510
v -0.183130 0.626441 -2.193909
v -0.181390 0.861361 -2.350510
v -0.182260 0.783055 -2.272209
v -0.181390 1.096286 -2.350510
v -0.182260 0.861361 -2.272209
v -0.181390 1.174586 -2.350510
v -0.182260 1.096286 -2.272209
v -0.181390 1.252896 -2.350510
v -0.181390 1.409506 -2.350510
v -0.181390 1.566126 -2.350510
v -0.182260 1.566126 -2.272209
v -0.183130 1.644426 -2.193909
v -0.182260 1.409506 -2.272209
v -0.182260 1.174586 -2.272209
v -0.182260 1.252896 -2.272209
v -0.182260 0.704748 -2.272209
v -0.181390 0.783055 -2.350510
v -0.181390 0.704748 -2.350510
v -0.182260 0.783055 -2.272209
v -0.182260 0.783055 -2.272209
v -0.181390 0.861361 -2.350510
v -0.181390 0.783055 -2.350510
v -0.182260 0.861361 -2.272209
v -0.182260 0.861361 -2.272209
v -0.181390 1.096286 -2.350510
v -0.181390 0.861361 -2.350510
v -0.182260 1.096286 -2.272209
v -0.182260 1.096286 -2.272209
v -0.181390 1.174586 -2.350510
v -0.181390 1.096286 -2.350510
v -0.182260 1.174586 -2.272209
v -0.182260 1.174586 -2.272209
v -0.181390 1.252896 -2.350510
v -0.181390 1.174586 -2.350510
v -0.182260 1.252896 -2.272209
v -0.182260 1.252896 -2.272209
v -0.181390 1.409506 -2.350510
v -0.181390 1.252896 -2.350510
v -0.182260 1.409506 -2.272209
v -0.182260 1.409506 -2.272209
v -0.181390 1.566126 -2.350510
v -0.181390 1.409506 -2.350510
v -0.182260 1.566126 -2.272209
v -0.187480 0.704748 -1.802315
v -0.186610 1.644426 -1.880608
v -0.186610 0.626441 -1.880608
v -0.188350 0.704748 -1.724014
v -0.187480 0.783055 -1.802315
v -0.189220 0.626441 -1.645714
v -0.187480 0.861361 -1.802315
v -0.188350 0.783055 -1.724014
v -0.187480 1.096286 -1.802315
v -0.188350 0.861361 -1.724014
v -0.187480 1.174586 -1.802315
v -0.188350 1.096286 -1.724014
v -0.187480 1.252896 -1.802315
v -0.187480 1.409506 -1.802315
v -0.187480 1.566126 -1.802315
v -0.188350 1.566126 -1.724014
v -0.189220 1.644426 -1.645714
v -0.188350 1.409506 -1.724014
v -0.188350 1.174586 -1.724014
v -0.188350 1.252896 -1.724014
v -0.188350 0.704748 -1.724014
v -0.187480 0.783055 -1.802315
v -0.187480 0.704748 -1.802315
v -0.188350 0.783055 -1.724014
v -0.188350 0.783055 -1.724014
v -0.187480 0.861361 -1.802315
v -0.187480 0.783055 -1.802315
v -0.188350 0.861361 -1.724014
v -0.188350 0.861361 -1.724014
v -0.187480 1.096286 -1.802315
v -0.187480 0.861361 -1.802315
v -0.188350 1.096286 -1.724014
v -0.188350 1.096286 -1.724014
v -0.187480 1.174586 -1.802315
v -0.187480 1.096286 -1.802315
v -0.188350 1.174586 -1.724014
v -0.188350 1.174586 -1.724014
v -0.187480 1.252896 -1.802315
v -0.187480 1.174586 -1.802315
v -0.188350 1.252896 -1.724014
v -0.188350 1.252896 -1.724014
v -0.187480 1.409506 -1.802315
v -0.187480 1.252896 -1.802315
v -0.188350 1.409506 -1.724014
v -0.188350 1.409506 -1.724014
v -0.187480 1.566126 -1.802315
v -0.187480 1.409506 -1.802315
v -0.188350 1.566126 -1.724014
v -0.195310 0.704748 -1.097610
v -0.194440 1.644426 -1.175911
v -0.194440 0.626441 -1.175911
v -0.196180 0.626441 -1.019310
v -0.195310 0.783055 -1.097610
v -0.196180 0.704748 -1.019310
v -0.195310 0.939668 -1.097610
v -0.197050 0.548134 -0.941010
v -0.196180 0.548134 -1.019310
v -0.197050 0.626441 -0.941010
v -0.197050 0.704748 -0.941010
v -0.197920 0.078293 -0.862709
v -0.197050 -0.000013 -0.941010
v -0.197920 0.156600 -0.862709
v -0.197920 0.234907 -0.862709
v -0.198790 0.078293 -0.784409
v -0.199660 0.078293 -0.706108
v -0.200530 0.078293 -0.627808
v -0.201400 0.078293 -0.549515
v -0.197920 0.313214 -0.862709
v -0.202270 -0.000013 -0.471214
v -0.197920 0.391520 -0.862709
v -0.197920 0.469827 -0.862709
v -0.197920 0.548134 -0.862709
v -0.198790 0.548134 -0.784409
v -0.198790 0.626441 -0.784409
v -0.199660 0.626441 -0.706108
v -0.200530 0.548134 -0.627808
v -0.200530 0.626441 -0.627808
v -0.201400 0.548134 -0.549515
v -0.201400 0.626441 -0.549515
v -0.201400 0.783055 -0.549515
v -0.201400 0.469827 -0.549515
v -0.201400 0.391520 -0.549515
v -0.201400 0.313214 -0.549515
v -0.201400 0.234907 -0.549515
v -0.201400 0.156600 -0.549515
v -0.201400 0.861361 -0.549515
v -0.202270 0.783055 -0.471214
v -0.205750 0.783055 -0.158012
v -0.205750 0.861361 -0.158012
v -0.206620 0.548134 -0.079712
v -0.205750 0.548134 -0.158012
v -0.206620 0.626441 -0.079712
v -0.206620 0.783055 -0.079712
v -0.207490 0.469827 -0.001411
v -0.206620 0.469827 -0.079712
v -0.207490 0.548134 -0.001411
v -0.207490 0.626441 -0.001411
v -0.208360 0.469827 0.076889
v -0.208360 0.391520 0.076889
v -0.208360 0.313214 0.076889
v -0.207490 0.313214 -0.001411
v -0.209230 0.234907 0.155190
v -0.208360 0.234907 0.076889
v -0.209230 0.313214 0.155190
v -0.210970 0.234907 0.311790
v -0.209230 0.156600 0.155190
v -0.211840 0.234907 0.390091
v -0.213580 0.156600 0.546692
v -0.213580 0.234907 0.546692
v -0.214450 0.313214 0.624992
v -0.213580 0.313214 0.546692
v -0.216190 0.234907 0.781586
v -0.216190 0.313214 0.781586
v -0.217060 0.391520 0.859886
v -0.216190 0.391520 0.781586
v -0.217930 0.313214 0.938187
v -0.217930 0.391520 0.938187
v -0.218800 0.469827 1.016487
v -0.217930 0.469827 0.938187
v -0.219670 0.469827 1.094788
v -0.220540 0.391520 1.173088
v -0.220540 0.469827 1.173088
v -0.223150 0.548134 1.407990
v -0.222280 0.548134 1.329689
v -0.224890 0.548134 1.564590
v -0.221410 0.548134 1.251389
v -0.225760 0.469827 1.642891
v -0.224890 0.626441 1.564590
v -0.220540 0.548134 1.173088
v -0.224890 0.704748 1.564590
v -0.225760 0.704748 1.642891
v -0.220540 0.626441 1.173088
v -0.219670 0.861361 1.094788
v -0.219670 0.626441 1.094788
v -0.219670 0.939668 1.094788
v -0.219670 1.017976 1.094788
v -0.219670 1.174586 1.094788
v -0.219670 1.331206 1.094788
v -0.220540 0.704748 1.173088
v -0.221410 0.626441 1.251389
v -0.221410 0.704748 1.251389
v -0.220540 0.783055 1.173088
v -0.220540 0.861361 1.173088
v -0.220540 0.939668 1.173088
v -0.220540 1.017976 1.173088
v -0.220540 1.096286 1.173088
v -0.220540 1.174586 1.173088
v -0.220540 1.252896 1.173088
v -0.220540 1.331206 1.173088
v -0.221410 1.252896 1.251389
v -0.220540 1.409506 1.173088
v -0.221410 1.331206 1.251389
v -0.221410 1.409506 1.251389
v -0.207490 1.487816 -0.001411
v -0.222280 1.409506 1.329689
v -0.215320 1.409506 0.703285
v -0.223150 1.409506 1.407990
v -0.211840 1.409506 0.390091
v -0.208360 1.409506 0.076889
v -0.207490 1.409506 -0.001411
v -0.224890 1.409506 1.564590
v -0.225760 1.487816 1.642891
v -0.225760 1.252896 1.642891
v -0.224890 1.331206 1.564590
v -0.224890 1.252896 1.564590
v -0.207490 1.566126 -0.001411
v -0.206620 1.566126 -0.079712
v -0.206620 1.487816 -0.079712
v -0.205750 1.566126 -0.158012
v -0.205750 1.487816 -0.158012
v -0.204880 1.644426 -0.236313
v -0.206620 1.644426 -0.079712
v -0.204880 1.566126 -0.236313
v -0.204010 1.644426 -0.314613
v -0.204010 1.566126 -0.314613
v -0.198790 1.722736 -0.784409
v -0.204880 1.722736 -0.236313
v -0.203140 1.644426 -0.392914
v -0.202270 1.644426 -0.471214
v -0.201400 1.644426 -0.549515
v -0.200530 1.644426 -0.627808
v -0.199660 1.644426 -0.706108
v -0.199660 1.566126 -0.706108
v -0.198790 1.644426 -0.784409
v -0.198790 1.566126 -0.784409
v -0.197920 1.566126 -0.862709
v -0.197050 1.566126 -0.941010
v -0.196180 1.566126 -1.019310
v -0.195310 1.566126 -1.097610
v -0.195310 1.487816 -1.097610
v -0.195310 1.409506 -1.097610
v -0.195310 1.331206 -1.097610
v -0.195310 1.252896 -1.097610
v -0.196180 1.252896 -1.019310
v -0.195310 1.017976 -1.097610
v -0.196180 1.331206 -1.019310
v -0.197050 1.252896 -0.941010
v -0.196180 0.939668 -1.019310
v -0.197050 1.331206 -0.941010
v -0.196180 1.017976 -1.019310
v -0.197920 1.252896 -0.862709
v -0.197050 0.939668 -0.941010
v -0.197920 1.331206 -0.862709
v -0.198790 1.252896 -0.784409
v -0.198790 1.331206 -0.784409
v -0.197050 1.017976 -0.941010
v -0.197920 0.939668 -0.862709
v -0.197920 1.017976 -0.862709
v -0.198790 0.939668 -0.784409
v -0.198790 1.017976 -0.784409
v -0.196180 0.704748 -1.019310
v -0.195310 0.783055 -1.097610
v -0.195310 0.704748 -1.097610
v -0.196180 0.783055 -1.019310
v -0.196180 0.783055 -1.019310
v -0.195310 0.939668 -1.097610
v -0.195310 0.783055 -1.097610
v -0.196180 0.939668 -1.019310
v -0.196180 1.017976 -1.019310
v -0.195310 1.252896 -1.097610
v -0.195310 1.017976 -1.097610
v -0.196180 1.252896 -1.019310
v -0.196180 1.331206 -1.019310
v -0.195310 1.409506 -1.097610
v -0.195310 1.331206 -1.097610
v -0.196180 1.409506 -1.019310
v -0.196180 1.409506 -1.019310
v -0.195310 1.487816 -1.097610
v -0.195310 1.409506 -1.097610
v -0.196180 1.487816 -1.019310
v -0.196180 1.487816 -1.019310
v -0.195310 1.566126 -1.097610
v -0.195310 1.487816 -1.097610
v -0.196180 1.566126 -1.019310
v -0.197050 0.704748 -0.941010
v -0.196180 0.783055 -1.019310
v -0.196180 0.704748 -1.019310
v -0.197050 0.783055 -0.941010
v -0.197050 0.783055 -0.941010
v -0.196180 0.939668 -1.019310
v -0.196180 0.783055 -1.019310
v -0.197050 0.861361 -0.941010
v -0.197050 0.939668 -0.941010
v -0.197050 1.017976 -0.941010
v -0.196180 1.252896 -1.019310
v -0.196180 1.017976 -1.019310
v -0.197050 1.252896 -0.941010
v -0.197050 1.331206 -0.941010
v -0.196180 1.409506 -1.019310
v -0.196180 1.331206 -1.019310
v -0.197050 1.409506 -0.941010
v -0.197050 1.409506 -0.941010
v -0.196180 1.487816 -1.019310
v -0.196180 1.409506 -1.019310
v -0.196180 1.566126 -1.019310
v -0.197050 1.487816 -0.941010
v -0.197050 1.566126 -0.941010
v -0.197920 0.704748 -0.862709
v -0.197050 0.783055 -0.941010
v -0.197050 0.704748 -0.941010
v -0.197920 0.783055 -0.862709
v -0.197920 0.704748 -0.862709
v -0.197050 0.704748 -0.941010
v -0.197050 0.626441 -0.941010
v -0.198790 0.626441 -0.784409
v -0.197920 0.783055 -0.862709
v -0.198790 0.783055 -0.784409
v -0.197920 0.783055 -0.862709
v -0.197050 0.861361 -0.941010
v -0.197050 0.783055 -0.941010
v -0.197920 0.861361 -0.862709
v -0.197920 0.861361 -0.862709
v -0.197050 0.939668 -0.941010
v -0.197050 0.861361 -0.941010
v -0.197920 0.939668 -0.862709
v -0.197920 1.017976 -0.862709
v -0.197050 1.252896 -0.941010
v -0.197050 1.017976 -0.941010
v -0.197920 1.096286 -0.862709
v -0.197920 1.174586 -0.862709
v -0.197920 1.252896 -0.862709
v -0.198790 1.096286 -0.784409
v -0.198790 1.174586 -0.784409
v -0.199660 1.174586 -0.706108
v -0.198790 1.252896 -0.784409
v -0.199660 1.252896 -0.706108
v -0.199660 1.096286 -0.706108
v -0.199660 1.017976 -0.706108
v -0.198790 1.017976 -0.784409
v -0.197920 1.331206 -0.862709
v -0.197050 1.409506 -0.941010
v -0.197050 1.331206 -0.941010
v -0.197920 1.409506 -0.862709
v -0.197920 1.409506 -0.862709
v -0.197050 1.487816 -0.941010
v -0.197050 1.409506 -0.941010
v -0.197920 1.487816 -0.862709
v -0.197920 1.487816 -0.862709
v -0.197050 1.566126 -0.941010
v -0.197050 1.487816 -0.941010
v -0.197920 1.566126 -0.862709
v -0.198790 0.078293 -0.784409
v -0.197920 0.156600 -0.862709
v -0.197920 0.078293 -0.862709
v -0.198790 0.156600 -0.784409
v -0.198790 0.156600 -0.784409
v -0.197920 0.234907 -0.862709
v -0.197920 0.156600 -0.862709
v -0.198790 0.234907 -0.784409
v -0.198790 0.234907 -0.784409
v -0.197920 0.313214 -0.862709
v -0.197920 0.234907 -0.862709
v -0.198790 0.313214 -0.784409
v -0.198790 0.313214 -0.784409
v -0.197920 0.391520 -0.862709
v -0.197920 0.313214 -0.862709
v -0.198790 0.391520 -0.784409
v -0.198790 0.391520 -0.784409
v -0.197920 0.469827 -0.862709
v -0.197920 0.391520 -0.862709
v -0.198790 0.469827 -0.784409
v -0.198790 0.469827 -0.784409
v -0.197920 0.548134 -0.862709
v -0.197920 0.469827 -0.862709
v -0.198790 0.548134 -0.784409
v -0.198790 0.783055 -0.784409
v -0.197920 0.861361 -0.862709
v -0.197920 0.783055 -0.862709
v -0.198790 0.861361 -0.784409
v -0.198790 0.861361 -0.784409
v -0.197920 0.939668 -0.862709
v -0.197920 0.861361 -0.862709
v -0.198790 0.939668 -0.784409
v -0.198790 1.017976 -0.784409
v -0.197920 1.096286 -0.862709
v -0.197920 1.017976 -0.862709
v -0.198790 1.096286 -0.784409
v -0.198790 1.174586 -0.784409
v -0.197920 1.252896 -0.862709
v -0.197920 1.174586 -0.862709
v -0.198790 1.252896 -0.784409
v -0.198790 1.331206 -0.784409
v -0.197920 1.409506 -0.862709
v -0.197920 1.331206 -0.862709
v -0.198790 1.409506 -0.784409
v -0.198790 1.409506 -0.784409
v -0.197920 1.487816 -0.862709
v -0.197920 1.409506 -0.862709
v -0.198790 1.487816 -0.784409
v -0.198790 1.487816 -0.784409
v -0.197920 1.566126 -0.862709
v -0.197920 1.487816 -0.862709
v -0.198790 1.566126 -0.784409
v -0.199660 0.078293 -0.706108
v -0.198790 0.156600 -0.784409
v -0.198790 0.078293 -0.784409
v -0.199660 0.156600 -0.706108
v -0.199660 0.156600 -0.706108
v -0.198790 0.234907 -0.784409
v -0.198790 0.156600 -0.784409
v -0.199660 0.234907 -0.706108
v -0.199660 0.234907 -0.706108
v -0.198790 0.313214 -0.784409
v -0.198790 0.234907 -0.784409
v -0.199660 0.313214 -0.706108
v -0.200530 0.313214 -0.627808
v -0.199660 0.391520 -0.706108
v -0.200530 0.391520 -0.627808
v -0.200530 0.234907 -0.627808
v -0.200530 0.156600 -0.627808
v -0.199660 0.156600 -0.706108
v -0.199660 0.313214 -0.706108
v -0.198790 0.391520 -0.784409
v -0.198790 0.313214 -0.784409
v -0.199660 0.391520 -0.706108
v -0.199660 0.391520 -0.706108
v -0.198790 0.469827 -0.784409
v -0.198790 0.391520 -0.784409
v -0.199660 0.469827 -0.706108
v -0.199660 0.469827 -0.706108
v -0.198790 0.548134 -0.784409
v -0.198790 0.469827 -0.784409
v -0.200530 0.469827 -0.627808
v -0.200530 0.548134 -0.627808
v -0.199660 0.626441 -0.706108
v -0.198790 0.783055 -0.784409
v -0.198790 0.626441 -0.784409
v -0.199660 0.783055 -0.706108
v -0.199660 0.783055 -0.706108
v -0.198790 1.017976 -0.784409
v -0.198790 0.939668 -0.784409
v -0.198790 0.861361 -0.784409
v -0.198790 0.783055 -0.784409
v -0.199660 0.939668 -0.706108
v -0.199660 1.017976 -0.706108
v -0.200530 0.783055 -0.627808
v -0.200530 0.861361 -0.627808
v -0.200530 0.939668 -0.627808
v -0.201400 0.783055 -0.549515
v -0.201400 0.861361 -0.549515
v -0.199660 1.096286 -0.706108
v -0.198790 1.174586 -0.784409
v -0.198790 1.096286 -0.784409
v -0.199660 1.174586 -0.706108
v -0.199660 1.252896 -0.706108
v -0.198790 1.331206 -0.784409
v -0.198790 1.252896 -0.784409
v -0.199660 1.331206 -0.706108
v -0.206620 1.331206 -0.079712
v -0.208360 1.252896 0.076889
v -0.208360 1.331206 0.076889
v -0.199660 1.331206 -0.706108
v -0.198790 1.409506 -0.784409
v -0.198790 1.331206 -0.784409
v -0.199660 1.409506 -0.706108
v -0.199660 1.409506 -0.706108
v -0.198790 1.566126 -0.784409
v -0.198790 1.487816 -0.784409
v -0.198790 1.409506 -0.784409
v -0.199660 1.487816 -0.706108
v -0.199660 1.566126 -0.706108
v -0.199660 1.879346 -0.706108
v -0.198790 2.114266 -0.784409
v -0.198790 1.801046 -0.784409
v -0.200530 1.879346 -0.627808
v -0.199660 1.957656 -0.706108
v -0.201400 1.879346 -0.549515
v -0.199660 2.035966 -0.706108
v -0.206620 1.879346 -0.079712
v -0.207490 1.879346 -0.001411
v -0.208360 1.879346 0.076889
v -0.209230 1.801046 0.155190
v -0.208360 1.957656 0.076889
v -0.208360 2.035966 0.076889
v -0.209230 2.114266 0.155190
v -0.200530 2.035966 -0.627808
v -0.207490 2.035966 -0.001411
v -0.201400 2.035966 -0.549515
v -0.206620 2.035966 -0.079712
v -0.200530 0.078293 -0.627808
v -0.199660 0.156600 -0.706108
v -0.199660 0.078293 -0.706108
v -0.200530 0.156600 -0.627808
v -0.201400 0.156600 -0.549515
v -0.200530 0.234907 -0.627808
v -0.201400 0.234907 -0.549515
v -0.200530 0.234907 -0.627808
v -0.199660 0.313214 -0.706108
v -0.199660 0.234907 -0.706108
v -0.200530 0.313214 -0.627808
v -0.200530 0.391520 -0.627808
v -0.199660 0.469827 -0.706108
v -0.199660 0.391520 -0.706108
v -0.200530 0.469827 -0.627808
v -0.200530 0.626441 -0.627808
v -0.199660 0.783055 -0.706108
v -0.199660 0.626441 -0.706108
v -0.200530 0.783055 -0.627808
v -0.200530 0.939668 -0.627808
v -0.199660 1.017976 -0.706108
v -0.199660 0.939668 -0.706108
v -0.210970 1.017976 0.311790
v -0.211840 0.939668 0.390091
v -0.211840 1.017976 0.390091
v -0.212710 0.939668 0.468391
v -0.211840 0.861361 0.390091
v -0.214450 0.861361 0.624992
v -0.211840 1.096286 0.390091
v -0.215320 0.861361 0.703285
v -0.212710 1.017976 0.468391
v -0.215320 0.939668 0.703285
v -0.212710 1.096286 0.468391
v -0.216190 0.861361 0.781586
v -0.213580 1.017976 0.546692
v -0.215320 1.017976 0.703285
v -0.212710 1.174586 0.468391
v -0.215320 1.096286 0.703285
v -0.216190 0.939668 0.781586
v -0.216190 1.017976 0.781586
v -0.216190 1.096286 0.781586
v -0.212710 1.252896 0.468391
v -0.213580 1.252896 0.546692
v -0.211840 1.252896 0.390091
v -0.211840 1.174586 0.390091
v -0.211840 1.331206 0.390091
v -0.211840 1.409506 0.390091
v -0.212710 1.331206 0.468391
v -0.214450 1.331206 0.624992
v -0.215320 1.252896 0.703285
v -0.214450 1.252896 0.624992
v -0.214450 1.017976 0.624992
v -0.215320 1.331206 0.703285
v -0.215320 1.409506 0.703285
v -0.200530 1.566126 -0.627808
v -0.199660 1.644426 -0.706108
v -0.199660 1.566126 -0.706108
v -0.200530 1.644426 -0.627808
v -0.200530 1.566126 -0.627808
v -0.199660 1.566126 -0.706108
v -0.199660 1.487816 -0.706108
v -0.201400 1.487816 -0.549515
v -0.201400 1.566126 -0.549515
v -0.200530 1.879346 -0.627808
v -0.199660 1.957656 -0.706108
v -0.199660 1.879346 -0.706108
v -0.200530 1.957656 -0.627808
v -0.200530 1.957656 -0.627808
v -0.199660 2.035966 -0.706108
v -0.199660 1.957656 -0.706108
v -0.200530 2.035966 -0.627808
v -0.201400 0.078293 -0.549515
v -0.200530 0.156600 -0.627808
v -0.200530 0.078293 -0.627808
v -0.201400 0.156600 -0.549515
v -0.201400 0.234907 -0.549515
v -0.200530 0.313214 -0.627808
v -0.200530 0.234907 -0.627808
v -0.201400 0.313214 -0.549515
v -0.201400 0.313214 -0.549515
v -0.200530 0.391520 -0.627808
v -0.200530 0.313214 -0.627808
v -0.201400 0.391520 -0.549515
v -0.201400 0.391520 -0.549515
v -0.200530 0.469827 -0.627808
v -0.200530 0.391520 -0.627808
v -0.201400 0.469827 -0.549515
v -0.201400 0.469827 -0.549515
v -0.200530 0.548134 -0.627808
v -0.200530 0.469827 -0.627808
v -0.201400 0.548134 -0.549515
v -0.201400 0.626441 -0.549515
v -0.200530 0.783055 -0.627808
v -0.200530 0.626441 -0.627808
v -0.201400 0.783055 -0.549515
v -0.201400 0.861361 -0.549515
v -0.200530 0.939668 -0.627808
v -0.200530 0.861361 -0.627808
v -0.205750 0.861361 -0.158012
v -0.208360 0.861361 0.076889
v -0.209230 0.861361 0.155190
v -0.211840 0.861361 0.390091
v -0.211840 0.939668 0.390091
v -0.209230 0.704748 0.155190
v -0.208360 0.783055 0.076889
v -0.208360 0.704748 0.076889
v -0.201400 1.409506 -0.549515
v -0.199660 1.487816 -0.706108
v -0.199660 1.409506 -0.706108
v -0.201400 1.487816 -0.549515
v -0.201400 1.409506 -0.549515
v -0.199660 1.409506 -0.706108
v -0.199660 1.331206 -0.706108
v -0.203140 1.409506 -0.392914
v -0.204880 1.409506 -0.236313
v -0.206620 1.331206 -0.079712
v -0.206620 1.409506 -0.079712
v -0.201400 1.566126 -0.549515
v -0.200530 1.644426 -0.627808
v -0.200530 1.566126 -0.627808
v -0.201400 1.644426 -0.549515
v -0.201400 1.879346 -0.549515
v -0.200530 1.957656 -0.627808
v -0.200530 1.879346 -0.627808
v -0.201400 1.957656 -0.549515
v -0.201400 1.957656 -0.549515
v -0.200530 2.035966 -0.627808
v -0.200530 1.957656 -0.627808
v -0.201400 2.035966 -0.549515
v -0.202270 1.566126 -0.471214
v -0.201400 1.644426 -0.549515
v -0.201400 1.566126 -0.549515
v -0.202270 1.644426 -0.471214
v -0.202270 1.566126 -0.471214
v -0.201400 1.566126 -0.549515
v -0.201400 1.487816 -0.549515
v -0.203140 1.487816 -0.392914
v -0.203140 1.566126 -0.392914
v -0.203140 1.409506 -0.392914
v -0.201400 1.487816 -0.549515
v -0.201400 1.409506 -0.549515
v -0.203140 1.487816 -0.392914
v -0.203140 1.566126 -0.392914
v -0.202270 1.644426 -0.471214
v -0.202270 1.566126 -0.471214
v -0.203140 1.644426 -0.392914
v -0.204010 1.566126 -0.314613
v -0.203140 1.566126 -0.392914
v -0.203140 1.487816 -0.392914
v -0.204880 1.487816 -0.236313
v -0.204880 1.566126 -0.236313
v -0.204010 1.566126 -0.314613
v -0.203140 1.644426 -0.392914
v -0.203140 1.566126 -0.392914
v -0.204010 1.644426 -0.314613
v -0.204880 1.409506 -0.236313
v -0.203140 1.487816 -0.392914
v -0.203140 1.409506 -0.392914
v -0.204880 1.487816 -0.236313
v -0.205750 1.487816 -0.158012
v -0.204880 1.566126 -0.236313
v -0.204880 1.487816 -0.236313
v -0.205750 1.566126 -0.158012
v -0.205750 1.487816 -0.158012
v -0.204880 1.487816 -0.236313
v -0.204880 1.409506 -0.236313
v -0.206620 1.409506 -0.079712
v -0.206620 1.487816 -0.079712
v -0.207490 1.409506 -0.001411
v -0.206620 1.331206 -0.079712
v -0.208360 1.331206 0.076889
v -0.208360 1.409506 0.076889
v -0.211840 1.331206 0.390091
v -0.211840 1.252896 0.390091
v -0.210970 1.252896 0.311790
v -0.208360 1.252896 0.076889
v -0.206620 0.783055 -0.079712
v -0.205750 0.861361 -0.158012
v -0.205750 0.783055 -0.158012
v -0.207490 0.783055 -0.001411
v -0.208360 0.783055 0.076889
v -0.208360 0.861361 0.076889
v -0.207490 0.626441 -0.001411
v -0.206620 0.626441 -0.079712
v -0.208360 0.548134 0.076889
v -0.207490 0.548134 -0.001411
v -0.208360 0.626441 0.076889
v -0.209230 0.548134 0.155190
v -0.209230 0.469827 0.155190
v -0.208360 0.469827 0.076889
v -0.206620 1.879346 -0.079712
v -0.201400 1.957656 -0.549515
v -0.201400 1.879346 -0.549515
v -0.206620 1.957656 -0.079712
v -0.206620 1.957656 -0.079712
v -0.201400 2.035966 -0.549515
v -0.201400 1.957656 -0.549515
v -0.206620 2.035966 -0.079712
v -0.207490 1.409506 -0.001411
v -0.206620 1.487816 -0.079712
v -0.206620 1.409506 -0.079712
v -0.207490 1.487816 -0.001411
v -0.207490 1.879346 -0.001411
v -0.206620 1.957656 -0.079712
v -0.206620 1.879346 -0.079712
v -0.207490 1.957656 -0.001411
v -0.207490 1.957656 -0.001411
v -0.206620 2.035966 -0.079712
v -0.206620 1.957656 -0.079712
v -0.207490 2.035966 -0.001411
v -0.208360 0.469827 0.076889
v -0.207490 0.548134 -0.001411
v -0.207490 0.469827 -0.001411
v -0.208360 0.548134 0.076889
v -0.208360 0.626441 0.076889
v -0.207490 0.783055 -0.001411
v -0.207490 0.626441 -0.001411
v -0.208360 0.704748 0.076889
v -0.208360 0.783055 0.076889
v -0.208360 1.879346 0.076889
v -0.207490 1.957656 -0.001411
v -0.207490 1.879346 -0.001411
v -0.208360 1.957656 0.076889
v -0.208360 1.957656 0.076889
v -0.207490 2.035966 -0.001411
v -0.207490 1.957656 -0.001411
v -0.208360 2.035966 0.076889
v -0.209230 0.313214 0.155190
v -0.208360 0.391520 0.076889
v -0.208360 0.313214 0.076889
v -0.209230 0.391520 0.155190
v -0.209230 0.391520 0.155190
v -0.208360 0.469827 0.076889
v -0.208360 0.391520 0.076889
v -0.209230 0.469827 0.155190
v -0.209230 0.548134 0.155190
v -0.208360 0.626441 0.076889
v -0.208360 0.548134 0.076889
v -0.209230 0.626441 0.155190
v -0.209230 0.626441 0.155190
v -0.208360 0.704748 0.076889
v -0.208360 0.626441 0.076889
v -0.209230 0.704748 0.155190
v -0.210100 0.313214 0.233490
v -0.209230 0.313214 0.155190
v -0.209230 0.234907 0.155190
v -0.210970 0.234907 0.311790
v -0.210970 0.313214 0.311790
v -0.210100 0.313214 0.233490
v -0.209230 0.391520 0.155190
v -0.209230 0.313214 0.155190
v -0.210100 0.391520 0.233490
v -0.210100 0.391520 0.233490
v -0.209230 0.469827 0.155190
v -0.209230 0.391520 0.155190
v -0.210100 0.469827 0.233490
v -0.210100 0.469827 0.233490
v -0.209230 0.548134 0.155190
v -0.209230 0.469827 0.155190
v -0.210100 0.548134 0.233490
v -0.213580 0.469827 0.546692
v -0.213580 0.391520 0.546692
v -0.210970 0.391520 0.311790
v -0.210970 0.313214 0.311790
v -0.210100 0.391520 0.233490
v -0.210100 0.313214 0.233490
v -0.210100 0.548134 0.233490
v -0.209230 0.626441 0.155190
v -0.209230 0.548134 0.155190
v -0.209230 0.704748 0.155190
v -0.209230 0.861361 0.155190
v -0.210100 0.783055 0.233490
v -0.211840 0.861361 0.390091
v -0.213580 0.783055 0.546692
v -0.213580 0.469827 0.546692
v -0.210100 0.469827 0.233490
v -0.214450 0.548134 0.624992
v -0.215320 0.469827 0.703285
v -0.214450 0.704748 0.624992
v -0.213580 0.704748 0.546692
v -0.214450 0.783055 0.624992
v -0.214450 0.861361 0.624992
v -0.215320 0.704748 0.703285
v -0.215320 0.783055 0.703285
v -0.211840 0.234907 0.390091
v -0.210970 0.313214 0.311790
v -0.210970 0.234907 0.311790
v -0.211840 0.313214 0.390091
v -0.211840 0.313214 0.390091
v -0.210970 0.391520 0.311790
v -0.210970 0.313214 0.311790
v -0.213580 0.313214 0.546692
v -0.213580 0.391520 0.546692
v -0.214450 0.313214 0.624992
v -0.213580 0.469827 0.546692
v -0.214450 0.391520 0.624992
v -0.215320 0.469827 0.703285
v -0.216190 0.391520 0.781586
v -0.215320 0.704748 0.703285
v -0.216190 0.548134 0.781586
v -0.217060 0.391520 0.859886
v -0.217060 0.469827 0.859886
v -0.217060 0.548134 0.859886
v -0.216190 0.626441 0.781586
v -0.216190 0.704748 0.781586
v -0.217060 0.626441 0.859886
v -0.217060 0.704748 0.859886
v -0.217930 0.626441 0.938187
v -0.217930 0.704748 0.938187
v -0.218800 0.548134 1.016487
v -0.218800 0.626441 1.016487
v -0.219670 0.548134 1.094788
v -0.219670 0.626441 1.094788
v -0.220540 0.548134 1.173088
v -0.220540 0.626441 1.173088
v -0.211840 1.017976 0.390091
v -0.210970 1.252896 0.311790
v -0.210970 1.017976 0.311790
v -0.211840 1.096286 0.390091
v -0.211840 1.174586 0.390091
v -0.211840 1.252896 0.390091
v -0.212710 1.096286 0.468391
v -0.212710 1.174586 0.468391
v -0.211840 1.331206 0.390091
v -0.208360 1.409506 0.076889
v -0.208360 1.331206 0.076889
v -0.211840 1.409506 0.390091
v -0.213580 0.234907 0.546692
v -0.211840 0.313214 0.390091
v -0.211840 0.234907 0.390091
v -0.213580 0.313214 0.546692
v -0.213580 1.017976 0.546692
v -0.212710 1.017976 0.468391
v -0.212710 0.939668 0.468391
v -0.214450 1.017976 0.624992
v -0.215320 0.939668 0.703285
v -0.215320 1.017976 0.703285
v -0.213580 1.252896 0.546692
v -0.212710 1.331206 0.468391
v -0.212710 1.252896 0.468391
v -0.214450 1.252896 0.624992
v -0.214450 1.331206 0.624992
v -0.214450 1.017976 0.624992
v -0.213580 1.252896 0.546692
v -0.213580 1.017976 0.546692
v -0.214450 1.252896 0.624992
v -0.215320 0.783055 0.703285
v -0.214450 0.861361 0.624992
v -0.214450 0.783055 0.624992
v -0.215320 0.861361 0.703285
v -0.216190 0.313214 0.781586
v -0.214450 0.391520 0.624992
v -0.214450 0.313214 0.624992
v -0.216190 0.391520 0.781586
v -0.216190 0.704748 0.781586
v -0.215320 0.783055 0.703285
v -0.215320 0.704748 0.703285
v -0.216190 0.783055 0.781586
v -0.216190 0.783055 0.781586
v -0.215320 0.861361 0.703285
v -0.215320 0.783055 0.703285
v -0.216190 0.861361 0.781586
v -0.216190 1.096286 0.781586
v -0.215320 1.252896 0.703285
v -0.215320 1.096286 0.703285
v -0.217060 1.096286 0.859886
v -0.217060 1.017976 0.859886
v -0.216190 1.017976 0.781586
v -0.217930 1.252896 0.938187
v -0.218800 1.096286 1.016487
v -0.218800 1.174586 1.016487
v -0.218800 1.252896 1.016487
v -0.219670 1.174586 1.094788
v -0.218800 1.331206 1.016487
v -0.219670 1.331206 1.094788
v -0.217060 0.548134 0.859886
v -0.216190 0.626441 0.781586
v -0.216190 0.548134 0.781586
v -0.217060 0.626441 0.859886
v -0.218800 0.548134 1.016487
v -0.218800 0.469827 1.016487
v -0.217930 0.469827 0.938187
v -0.217060 0.469827 0.859886
v -0.217060 0.704748 0.859886
v -0.216190 0.783055 0.781586
v -0.216190 0.704748 0.781586
v -0.217060 0.783055 0.859886
v -0.217060 0.783055 0.859886
v -0.216190 0.861361 0.781586
v -0.216190 0.783055 0.781586
v -0.217060 0.861361 0.859886
v -0.217060 0.861361 0.859886
v -0.216190 0.939668 0.781586
v -0.216190 0.861361 0.781586
v -0.218800 0.939668 1.016487
v -0.219670 0.861361 1.094788
v -0.219670 0.939668 1.094788
v -0.217060 1.017976 0.859886
v -0.216190 1.017976 0.781586
v -0.216190 0.939668 0.781586
v -0.218800 0.939668 1.016487
v -0.217060 1.096286 0.859886
v -0.218800 1.017976 1.016487
v -0.218800 1.096286 1.016487
v -0.219670 1.017976 1.094788
v -0.218800 1.174586 1.016487
v -0.219670 1.174586 1.094788
v -0.217930 0.391520 0.938187
v -0.217060 0.469827 0.859886
v -0.217060 0.391520 0.859886
v -0.217930 0.469827 0.938187
v -0.217930 0.704748 0.938187
v -0.217060 0.783055 0.859886
v -0.217060 0.704748 0.859886
v -0.217930 0.783055 0.938187
v -0.217930 0.783055 0.938187
v -0.217060 0.861361 0.859886
v -0.217060 0.783055 0.859886
v -0.218800 0.783055 1.016487
v -0.219670 0.861361 1.094788
v -0.219670 0.626441 1.094788
v -0.218800 0.704748 1.016487
v -0.218800 0.626441 1.016487
v -0.217930 1.252896 0.938187
v -0.215320 1.331206 0.703285
v -0.215320 1.252896 0.703285
v -0.217930 1.331206 0.938187
v -0.217930 1.331206 0.938187
v -0.215320 1.409506 0.703285
v -0.215320 1.331206 0.703285
v -0.218800 1.331206 1.016487
v -0.219670 1.331206 1.094788
v -0.220540 1.331206 1.173088
v -0.220540 1.409506 1.173088
v -0.218800 0.626441 1.016487
v -0.217930 0.704748 0.938187
v -0.217930 0.626441 0.938187
v -0.218800 0.704748 1.016487
v -0.218800 0.704748 1.016487
v -0.217930 0.783055 0.938187
v -0.217930 0.704748 0.938187
v -0.218800 0.783055 1.016487
v -0.218800 1.252896 1.016487
v -0.217930 1.331206 0.938187
v -0.217930 1.252896 0.938187
v -0.218800 1.331206 1.016487
v -0.219670 0.469827 1.094788
v -0.218800 0.548134 1.016487
v -0.218800 0.469827 1.016487
v -0.219670 0.548134 1.094788
v -0.219670 0.939668 1.094788
v -0.218800 1.017976 1.016487
v -0.218800 0.939668 1.016487
v -0.219670 1.017976 1.094788
v -0.220540 0.469827 1.173088
v -0.219670 0.548134 1.094788
v -0.219670 0.469827 1.094788
v -0.220540 0.548134 1.173088
v -0.221410 0.704748 1.251389
v -0.220540 0.783055 1.173088
v -0.220540 0.704748 1.173088
v -0.221410 0.783055 1.251389
v -0.222280 0.704748 1.329689
v -0.222280 0.783055 1.329689
v -0.221410 0.783055 1.251389
v -0.220540 0.861361 1.173088
v -0.220540 0.783055 1.173088
v -0.221410 0.861361 1.251389
v -0.221410 0.861361 1.251389
v -0.220540 0.939668 1.173088
v -0.220540 0.861361 1.173088
v -0.221410 0.939668 1.251389
v -0.221410 0.939668 1.251389
v -0.220540 1.017976 1.173088
v -0.220540 0.939668 1.173088
v -0.221410 1.017976 1.251389
v -0.221410 1.017976 1.251389
v -0.220540 1.096286 1.173088
v -0.220540 1.017976 1.173088
v -0.221410 1.096286 1.251389
v -0.221410 1.096286 1.251389
v -0.220540 1.174586 1.173088
v -0.220540 1.096286 1.173088
v -0.221410 1.174586 1.251389
v -0.221410 1.174586 1.251389
v -0.220540 1.252896 1.173088
v -0.220540 1.174586 1.173088
v -0.221410 1.252896 1.251389
v -0.222280 1.174586 1.329689
v -0.222280 1.252896 1.329689
v -0.222280 0.548134 1.329689
v -0.221410 0.626441 1.251389
v -0.221410 0.548134 1.251389
v -0.222280 0.626441 1.329689
v -0.222280 0.626441 1.329689
v -0.221410 0.704748 1.251389
v -0.221410 0.626441 1.251389
v -0.222280 0.704748 1.329689
v -0.222280 0.783055 1.329689
v -0.221410 0.861361 1.251389
v -0.221410 0.783055 1.251389
v -0.222280 0.861361 1.329689
v -0.222280 0.861361 1.329689
v -0.221410 0.939668 1.251389
v -0.221410 0.861361 1.251389
v -0.222280 0.939668 1.329689
v -0.222280 0.939668 1.329689
v -0.221410 1.096286 1.251389
v -0.221410 1.017976 1.251389
v -0.221410 0.939668 1.251389
v -0.222280 1.017976 1.329689
v -0.222280 1.096286 1.329689
v -0.222280 1.096286 1.329689
v -0.221410 1.174586 1.251389
v -0.221410 1.096286 1.251389
v -0.222280 1.174586 1.329689
v -0.222280 1.252896 1.329689
v -0.221410 1.331206 1.251389
v -0.221410 1.252896 1.251389
v -0.222280 1.331206 1.329689
v -0.222280 1.331206 1.329689
v -0.221410 1.409506 1.251389
v -0.221410 1.331206 1.251389
v -0.222280 1.409506 1.329689
v -0.223150 0.548134 1.407990
v -0.222280 0.626441 1.329689
v -0.222280 0.548134 1.329689
v -0.223150 0.626441 1.407990
v -0.223150 0.626441 1.407990
v -0.222280 0.704748 1.329689
v -0.222280 0.626441 1.329689
v -0.223150 0.704748 1.407990
v -0.223150 0.704748 1.407990
v -0.222280 0.783055 1.329689
v -0.222280 0.704748 1.329689
v -0.223150 0.783055 1.407990
v -0.223150 0.783055 1.407990
v -0.222280 0.861361 1.329689
v -0.222280 0.783055 1.329689
v -0.224020 0.783055 1.486290
v -0.224020 0.861361 1.486290
v -0.223150 1.174586 1.407990
v -0.222280 1.174586 1.329689
v -0.222280 1.096286 1.329689
v -0.224020 1.096286 1.486290
v -0.224020 1.174586 1.486290
v -0.223150 1.174586 1.407990
v -0.222280 1.252896 1.329689
v -0.222280 1.174586 1.329689
v -0.223150 1.252896 1.407990
v -0.223150 1.252896 1.407990
v -0.222280 1.331206 1.329689
v -0.222280 1.252896 1.329689
v -0.223150 1.331206 1.407990
v -0.223150 1.331206 1.407990
v -0.222280 1.409506 1.329689
v -0.222280 1.331206 1.329689
v -0.223150 1.409506 1.407990
v -0.224020 0.704748 1.486290
v -0.223150 0.704748 1.407990
v -0.223150 0.626441 1.407990
v -0.224890 0.626441 1.564590
v -0.224890 0.704748 1.564590
v -0.224020 0.704748 1.486290
v -0.223150 0.783055 1.407990
v -0.223150 0.704748 1.407990
v -0.224020 0.783055 1.486290
v -0.224020 0.861361 1.486290
v -0.222280 0.939668 1.329689
v -0.222280 0.861361 1.329689
v -0.224020 0.939668 1.486290
v -0.224020 0.939668 1.486290
v -0.222280 1.017976 1.329689
v -0.222280 0.939668 1.329689
v -0.224020 1.017976 1.486290
v -0.224020 1.017976 1.486290
v -0.222280 1.096286 1.329689
v -0.222280 1.017976 1.329689
v -0.224020 1.096286 1.486290
v -0.224020 1.174586 1.486290
v -0.223150 1.252896 1.407990
v -0.223150 1.174586 1.407990
v -0.224020 1.252896 1.486290
v -0.224020 1.252896 1.486290
v -0.223150 1.331206 1.407990
v -0.223150 1.252896 1.407990
v -0.224890 1.252896 1.564590
v -0.224890 1.331206 1.564590
v -0.224890 0.548134 1.564590
v -0.223150 0.626441 1.407990
v -0.223150 0.548134 1.407990
v -0.224890 0.626441 1.564590
v -0.224020 0.861361 1.486290
v -0.224020 0.783055 1.486290
v -0.224020 0.704748 1.486290
v -0.224020 0.939668 1.486290
v -0.224020 1.017976 1.486290
v -0.224020 1.096286 1.486290
v -0.224020 1.174586 1.486290
v -0.224020 1.252896 1.486290
v -0.224890 1.331206 1.564590
v -0.223150 1.409506 1.407990
v -0.223150 1.331206 1.407990
v -0.224890 1.409506 1.564590
v 0.062220 0.861361 -3.130913
v -0.018700 0.861361 -2.896812
v -0.016090 0.861361 -3.131714
v 0.059610 0.861361 -2.896011
v 0.059610 0.861361 -2.896011
v -0.023920 0.861361 -2.427010
v -0.018700 0.861361 -2.896812
v 0.054390 0.861361 -2.426208
v 0.141390 0.704748 -3.208313
v 0.141390 0.939668 -3.208313
v 0.140520 0.783055 -3.130013
v 0.140520 0.939668 -3.130013
v 0.132690 0.704748 -2.425308
v 0.132690 0.783055 -2.425308
v 0.141390 1.331206 -3.208313
v 0.141390 1.566126 -3.208313
v 0.140520 1.331206 -3.130013
v 0.140520 1.487816 -3.130013
v 0.132690 1.487816 -2.425308
v 0.132690 1.566126 -2.425308
v 0.140520 0.783055 -3.130013
v 0.140520 0.939668 -3.130013
v 0.139650 0.861361 -3.051712
v 0.139650 0.939668 -3.051712
v 0.132690 0.783055 -2.425308
v 0.132690 0.861361 -2.425308
v 0.140520 1.331206 -3.130013
v 0.140520 1.487816 -3.130013
v 0.139650 1.331206 -3.051712
v 0.139650 1.409506 -3.051712
v 0.132690 1.409506 -2.425308
v 0.132690 1.487816 -2.425308
v 0.139650 0.861361 -3.051712
v 0.139650 0.939668 -3.051712
v 0.137910 0.939668 -2.895111
v 0.132690 0.861361 -2.425308
v 0.132690 0.939668 -2.425308
v 0.139650 1.331206 -3.051712
v 0.139650 1.409506 -3.051712
v 0.137910 1.331206 -2.895111
v 0.132690 1.331206 -2.425308
v 0.132690 1.409506 -2.425308
v 0.137910 1.017976 -2.895111
v 0.137910 1.096286 -2.895111
v 0.132690 1.017976 -2.425308
v 0.132690 1.096286 -2.425308
v 0.137910 1.096286 -2.895111
v 0.137910 1.174586 -2.895111
v 0.132690 1.096286 -2.425308
v 0.132690 1.174586 -2.425308
v 0.137910 1.174586 -2.895111
v 0.137910 1.252896 -2.895111
v 0.132690 1.174586 -2.425308
v 0.132690 1.252896 -2.425308
v 0.130080 0.704748 -2.190414
v 0.130080 0.783055 -2.190414
v 0.126600 0.704748 -1.877213
v 0.126600 0.783055 -1.877213
v 0.130080 0.783055 -2.190414
v 0.130080 0.861361 -2.190414
v 0.126600 0.783055 -1.877213
v 0.126600 0.861361 -1.877213
v 0.130080 0.861361 -2.190414
v 0.130080 0.939668 -2.190414
v 0.126600 0.861361 -1.877213
v 0.126600 0.939668 -1.877213
v 0.130080 1.017976 -2.190414
v 0.130080 1.096286 -2.190414
v 0.126600 1.017976 -1.877213
v 0.126600 1.096286 -1.877213
v 0.130080 1.096286 -2.190414
v 0.130080 1.174586 -2.190414
v 0.126600 1.096286 -1.877213
v 0.126600 1.174586 -1.877213
v 0.130080 1.174586 -2.190414
v 0.130080 1.252896 -2.190414
v 0.126600 1.174586 -1.877213
v 0.126600 1.252896 -1.877213
v 0.130080 1.331206 -2.190414
v 0.130080 1.409506 -2.190414
v 0.126600 1.331206 -1.877213
v 0.126600 1.409506 -1.877213
v 0.130080 1.409506 -2.190414
v 0.130080 1.487816 -2.190414
v 0.126600 1.409506 -1.877213
v 0.126600 1.487816 -1.877213
v 0.130080 1.487816 -2.190414
v 0.130080 1.566126 -2.190414
v 0.126600 1.487816 -1.877213
v 0.126600 1.566126 -1.877213
v 0.123990 0.704748 -1.642311
v 0.123990 0.783055 -1.642311
v 0.118770 0.704748 -1.172508
v 0.118770 0.783055 -1.172508
v 0.123990 0.783055 -1.642311
v 0.123990 0.861361 -1.642311
v 0.118770 0.783055 -1.172508
v 0.118770 0.861361 -1.172508
v 0.123990 0.861361 -1.642311
v 0.123990 0.939668 -1.642311
v 0.118770 0.861361 -1.172508
v 0.118770 0.939668 -1.172508
v 0.123990 1.017976 -1.642311
v 0.123990 1.096286 -1.642311
v 0.118770 1.017976 -1.172508
v 0.118770 1.096286 -1.172508
v 0.123990 1.096286 -1.642311
v 0.123990 1.174586 -1.642311
v 0.118770 1.096286 -1.172508
v 0.118770 1.174586 -1.172508
v 0.123990 1.174586 -1.642311
v 0.123990 1.252896 -1.642311
v 0.118770 1.174586 -1.172508
v 0.118770 1.252896 -1.172508
v 0.123990 1.331206 -1.642311
v 0.123990 1.409506 -1.642311
v 0.118770 1.331206 -1.172508
v 0.118770 1.409506 -1.172508
v 0.123990 1.409506 -1.642311
v 0.123990 1.487816 -1.642311
v 0.118770 1.409506 -1.172508
v 0.118770 1.487816 -1.172508
v 0.123990 1.487816 -1.642311
v 0.123990 1.566126 -1.642311
v 0.118770 1.487816 -1.172508
v 0.118770 1.566126 -1.172508
v 0.113550 1.722736 -0.702614
v 0.113550 1.801046 -0.702614
v 0.112680 1.722736 -0.624313
v 0.112680 1.801046 -0.624313
v 0.108330 1.644426 -0.232811
v 0.108330 1.722736 -0.232811
v 0.107460 1.644426 -0.154510
v 0.108330 1.801046 -0.232811
v 0.107460 1.801046 -0.154510
v -0.094390 0.783055 -3.132614
v -0.093520 0.939668 -3.210915
v -0.093520 0.704748 -3.210915
v -0.094390 0.939668 -3.132614
v -0.102220 0.704748 -2.427910
v -0.102220 0.783055 -2.427910
v -0.094390 1.331206 -3.132614
v -0.093520 1.566126 -3.210915
v -0.093520 1.331206 -3.210915
v -0.094390 1.487816 -3.132614
v -0.102220 1.487816 -2.427910
v -0.102220 1.566126 -2.427910
v -0.095260 0.861361 -3.054314
v -0.094390 0.939668 -3.132614
v -0.094390 0.783055 -3.132614
v -0.095260 0.939668 -3.054314
v -0.102220 0.783055 -2.427910
v -0.102220 0.861361 -2.427910
v -0.095260 1.331206 -3.054314
v -0.094390 1.487816 -3.132614
v -0.094390 1.331206 -3.132614
v -0.095260 1.409506 -3.054314
v -0.102220 1.409506 -2.427910
v -0.102220 1.487816 -2.427910
v -0.097000 0.939668 -2.897713
v -0.095260 0.939668 -3.054314
v -0.095260 0.861361 -3.054314
v -0.102220 0.861361 -2.427910
v -0.102220 0.939668 -2.427910
v -0.097000 1.331206 -2.897713
v -0.095260 1.409506 -3.054314
v -0.095260 1.331206 -3.054314
v -0.102220 1.331206 -2.427910
v -0.102220 1.409506 -2.427910
v -0.102220 1.017976 -2.427910
v -0.097000 1.096286 -2.897713
v -0.097000 1.017976 -2.897713
v -0.102220 1.096286 -2.427910
v -0.102220 1.096286 -2.427910
v -0.097000 1.174586 -2.897713
v -0.097000 1.096286 -2.897713
v -0.102220 1.174586 -2.427910
v -0.102220 1.174586 -2.427910
v -0.097000 1.252896 -2.897713
v -0.097000 1.174586 -2.897713
v -0.102220 1.252896 -2.427910
v -0.108310 0.704748 -1.879814
v -0.104830 0.783055 -2.193008
v -0.104830 0.704748 -2.193008
v -0.108310 0.783055 -1.879814
v -0.108310 0.783055 -1.879814
v -0.104830 0.861361 -2.193008
v -0.104830 0.783055 -2.193008
v -0.108310 0.861361 -1.879814
v -0.108310 0.861361 -1.879814
v -0.104830 0.939668 -2.193008
v -0.104830 0.861361 -2.193008
v -0.108310 0.939668 -1.879814
v -0.108310 1.017976 -1.879814
v -0.104830 1.096286 -2.193008
v -0.104830 1.017976 -2.193008
v -0.108310 1.096286 -1.879814
v -0.108310 1.096286 -1.879814
v -0.104830 1.174586 -2.193008
v -0.104830 1.096286 -2.193008
v -0.108310 1.174586 -1.879814
v -0.108310 1.174586 -1.879814
v -0.104830 1.252896 -2.193008
v -0.104830 1.174586 -2.193008
v -0.108310 1.252896 -1.879814
v -0.108310 1.331206 -1.879814
v -0.104830 1.409506 -2.193008
v -0.104830 1.331206 -2.193008
v -0.108310 1.409506 -1.879814
v -0.108310 1.409506 -1.879814
v -0.104830 1.487816 -2.193008
v -0.104830 1.409506 -2.193008
v -0.108310 1.487816 -1.879814
v -0.108310 1.487816 -1.879814
v -0.104830 1.566126 -2.193008
v -0.104830 1.487816 -2.193008
v -0.108310 1.566126 -1.879814
v -0.116140 0.704748 -1.175110
v -0.110920 0.783055 -1.644913
v -0.110920 0.704748 -1.644913
v -0.116140 0.783055 -1.175110
v -0.116140 0.783055 -1.175110
v -0.110920 0.861361 -1.644913
v -0.110920 0.783055 -1.644913
v -0.116140 0.861361 -1.175110
v -0.116140 0.861361 -1.175110
v -0.110920 0.939668 -1.644913
v -0.110920 0.861361 -1.644913
v -0.116140 0.939668 -1.175110
v -0.116140 1.017976 -1.175110
v -0.110920 1.096286 -1.644913
v -0.110920 1.017976 -1.644913
v -0.116140 1.096286 -1.175110
v -0.116140 1.096286 -1.175110
v -0.110920 1.174586 -1.644913
v -0.110920 1.096286 -1.644913
v -0.116140 1.174586 -1.175110
v -0.116140 1.174586 -1.175110
v -0.110920 1.252896 -1.644913
v -0.110920 1.174586 -1.644913
v -0.116140 1.252896 -1.175110
v -0.116140 1.331206 -1.175110
v -0.110920 1.409506 -1.644913
v -0.110920 1.331206 -1.644913
v -0.116140 1.409506 -1.175110
v -0.116140 1.409506 -1.175110
v -0.110920 1.487816 -1.644913
v -0.110920 1.409506 -1.644913
v -0.116140 1.487816 -1.175110
v -0.116140 1.487816 -1.175110
v -0.110920 1.566126 -1.644913
v -0.110920 1.487816 -1.644913
v -0.116140 1.566126 -1.175110
v -0.122230 1.722736 -0.626907
v -0.121360 1.801046 -0.705315
v -0.121360 1.722736 -0.705315
v -0.122230 1.801046 -0.626907
v -0.127450 1.644426 -0.157112
v -0.126580 1.722736 -0.235413
v -0.126580 1.644426 -0.235413
v -0.126580 1.801046 -0.235413
v -0.127450 1.801046 -0.157112
v -0.093520 0.939668 -3.210915
v -0.175300 0.939668 -2.898613
v -0.170950 0.939668 -3.290108
v -0.094390 0.939668 -3.132614
v -0.095260 0.939668 -3.054314
v -0.097000 0.939668 -2.897713
v -0.015220 0.939668 -3.210014
v 0.063090 0.939668 -3.209213
v 0.141390 0.939668 -3.208313
v 0.220560 0.939668 -3.285713
v 0.140520 0.939668 -3.130013
v 0.139650 0.939668 -3.051712
v 0.137910 0.939668 -2.895111
v 0.216210 0.939668 -2.894211
v 0.030900 0.704748 -0.312012
v 0.030900 0.783055 -0.312012
v 0.030030 0.704748 -0.233711
v 0.030030 0.783055 -0.233711
v 0.032640 0.548134 -0.468613
v 0.032640 0.626441 -0.468613
v 0.029160 0.548134 -0.155411
v 0.029160 0.626441 -0.155411
v -0.048280 0.704748 -0.234612
v -0.047410 0.783055 -0.312912
v -0.047410 0.704748 -0.312912
v -0.048280 0.783055 -0.234612
v -0.049150 0.548134 -0.156311
v -0.045670 0.626441 -0.469513
v -0.045670 0.548134 -0.469513
v -0.049150 0.626441 -0.156311
v -0.202270 -0.000013 -0.471214
v 0.189240 -0.000013 -0.466911
v -0.123970 0.078293 -0.470314
v -0.123970 0.156600 -0.470314
v 0.110940 0.078293 -0.467712
v -0.123970 0.234907 -0.470314
v -0.123970 0.313214 -0.470314
v -0.123970 0.391520 -0.470314
v -0.123970 0.469827 -0.470314
v -0.123970 0.548134 -0.470314
v -0.202270 0.783055 -0.471214
v 0.110940 0.156600 -0.467712
v 0.110940 0.234907 -0.467712
v 0.110940 0.313214 -0.467712
v 0.110940 0.391520 -0.467712
v 0.110940 0.469827 -0.467712
v 0.110940 0.548134 -0.467712
v -0.045670 0.626441 -0.469513
v -0.045670 0.548134 -0.469513
v 0.032640 0.626441 -0.468613
v -0.123970 0.783055 -0.470314
v -0.045670 0.783055 -0.469513
v 0.032640 0.548134 -0.468613
v 0.110940 0.783055 -0.467712
v 0.189240 0.783055 -0.466911
v -0.123970 0.078293 -0.470314
v 0.110940 0.078293 -0.467712
v -0.123970 0.156600 -0.470314
v 0.110940 0.156600 -0.467712
v -0.123970 0.156600 -0.470314
v 0.110940 0.156600 -0.467712
v -0.123970 0.234907 -0.470314
v 0.110940 0.234907 -0.467712
v -0.123970 0.234907 -0.470314
v 0.110940 0.234907 -0.467712
v -0.123970 0.313214 -0.470314
v 0.110940 0.313214 -0.467712
v -0.123970 0.313214 -0.470314
v 0.110940 0.313214 -0.467712
v -0.123970 0.391520 -0.470314
v 0.110940 0.391520 -0.467712
v -0.123970 0.391520 -0.470314
v 0.110940 0.391520 -0.467712
v -0.123970 0.469827 -0.470314
v 0.110940 0.469827 -0.467712
v -0.123970 0.469827 -0.470314
v 0.110940 0.469827 -0.467712
v -0.123970 0.548134 -0.470314
v -0.045670 0.548134 -0.469513
v 0.032640 0.548134 -0.468613
v 0.110940 0.548134 -0.467712
v -0.199660 1.017976 -0.706108
v -0.289270 1.017976 0.310890
v -0.277960 1.017976 -0.707008
v -0.210970 1.017976 0.311790
v -0.018700 1.017976 -2.896812
v -0.102220 1.017976 -2.427910
v -0.097000 1.017976 -2.897713
v -0.023920 1.017976 -2.427010
v -0.026530 1.017976 -2.192108
v -0.108310 1.017976 -1.879814
v -0.104830 1.017976 -2.193008
v -0.030010 1.017976 -1.878914
v -0.032620 1.017976 -1.644012
v -0.116140 1.017976 -1.175110
v -0.110920 1.017976 -1.644913
v -0.037840 1.017976 -1.174210
v 0.059610 1.017976 -2.896011
v -0.023920 1.017976 -2.427010
v -0.018700 1.017976 -2.896812
v 0.054390 1.017976 -2.426208
v 0.051780 1.017976 -2.191315
v -0.030010 1.017976 -1.878914
v -0.026530 1.017976 -2.192108
v 0.048300 1.017976 -1.878014
v 0.045690 1.017976 -1.643112
v -0.037840 1.017976 -1.174210
v -0.032620 1.017976 -1.644012
v 0.040470 1.017976 -1.173309
v 0.137910 1.017976 -2.895111
v 0.054390 1.017976 -2.426208
v 0.059610 1.017976 -2.896011
v 0.132690 1.017976 -2.425308
v 0.130080 1.017976 -2.190414
v 0.048300 1.017976 -1.878014
v 0.051780 1.017976 -2.191315
v 0.126600 1.017976 -1.877213
v 0.123990 1.017976 -1.642311
v 0.040470 1.017976 -1.173309
v 0.045690 1.017976 -1.643112
v 0.118770 1.017976 -1.172508
v 0.270150 1.017976 -0.700912
v 0.180540 1.017976 0.316193
v 0.191850 1.017976 -0.701813
v 0.258840 1.017976 0.316986
v -0.016090 0.783055 -3.131714
v -0.016090 0.861361 -3.131714
v -0.018700 0.861361 -2.896812
v -0.023920 0.783055 -2.427010
v -0.023920 0.861361 -2.427010
v 0.059610 0.861361 -2.896011
v 0.062220 0.861361 -3.130913
v 0.062220 0.783055 -3.130913
v 0.054390 0.783055 -2.426208
v 0.054390 0.861361 -2.426208
v -0.097000 0.939668 -2.897713
v -0.102220 0.939668 -2.427910
v -0.018700 0.939668 -2.896812
v -0.023920 0.939668 -2.427010
v -0.104830 0.939668 -2.193008
v -0.108310 0.939668 -1.879814
v -0.026530 0.939668 -2.192108
v -0.030010 0.939668 -1.878914
v -0.110920 0.939668 -1.644913
v -0.116140 0.939668 -1.175110
v -0.032620 0.939668 -1.644012
v -0.037840 0.939668 -1.174210
v -0.018700 0.939668 -2.896812
v -0.023920 0.939668 -2.427010
v 0.059610 0.939668 -2.896011
v 0.054390 0.939668 -2.426208
v -0.026530 0.939668 -2.192108
v -0.030010 0.939668 -1.878914
v 0.051780 0.939668 -2.191315
v 0.048300 0.939668 -1.878014
v -0.032620 0.939668 -1.644012
v -0.037840 0.939668 -1.174210
v 0.045690 0.939668 -1.643112
v 0.040470 0.939668 -1.173309
v 0.059610 0.939668 -2.896011
v 0.054390 0.939668 -2.426208
v 0.137910 0.939668 -2.895111
v 0.132690 0.939668 -2.425308
v 0.051780 0.939668 -2.191315
v 0.048300 0.939668 -1.878014
v 0.130080 0.939668 -2.190414
v 0.126600 0.939668 -1.877213
v 0.045690 0.939668 -1.643112
v 0.040470 0.939668 -1.173309
v 0.123990 0.939668 -1.642311
v 0.118770 0.939668 -1.172508
v -0.145720 1.252896 1.487190
v -0.145720 1.331206 1.487190
v -0.146590 1.252896 1.565491
v -0.146590 1.331206 1.565491
v -0.145720 1.331206 1.487190
v -0.145720 1.409506 1.487190
v -0.146590 1.331206 1.565491
v -0.146590 1.409506 1.565491
v 0.088320 1.252896 1.568092
v 0.089190 1.331206 1.489792
v 0.089190 1.252896 1.489792
v 0.088320 1.331206 1.568092
v 0.088320 1.331206 1.568092
v 0.089190 1.409506 1.489792
v 0.089190 1.331206 1.489792
v 0.088320 1.409506 1.568092
v -0.122230 1.722736 -0.626907
v -0.043930 1.722736 -0.626114
v -0.122230 1.801046 -0.626907
v -0.043930 1.801046 -0.626114
v -0.043930 1.722736 -0.626114
v 0.034380 1.722736 -0.625214
v -0.043930 1.801046 -0.626114
v 0.034380 1.801046 -0.625214
v 0.034380 1.722736 -0.625214
v 0.112680 1.722736 -0.624313
v 0.034380 1.801046 -0.625214
v 0.112680 1.801046 -0.624313
v -0.047410 0.783055 -0.312912
v 0.030900 0.704748 -0.312012
v -0.047410 0.704748 -0.312912
v 0.030900 0.783055 -0.312012
v -0.016090 0.783055 -3.131714
v -0.023920 0.783055 -2.427010
v 0.062220 0.783055 -3.130913
v 0.054390 0.783055 -2.426208
v -0.126580 1.801046 -0.235413
v -0.048280 1.722736 -0.234612
v -0.126580 1.722736 -0.235413
v -0.048280 1.801046 -0.234612
v -0.048280 1.801046 -0.234612
v 0.030030 1.722736 -0.233711
v -0.048280 1.722736 -0.234612
v 0.030030 1.801046 -0.233711
v 0.030030 1.801046 -0.233711
v 0.108330 1.722736 -0.232811
v 0.030030 1.722736 -0.233711
v 0.108330 1.801046 -0.232811
v -0.146590 1.252896 1.565491
v -0.225760 1.252896 1.642891
v -0.224890 1.252896 1.564590
v -0.147460 1.252896 1.643791
v -0.068290 1.252896 1.566391
v -0.147460 1.252896 1.643791
v -0.146590 1.252896 1.565491
v -0.069160 1.252896 1.644691
v 0.010020 1.252896 1.567192
v -0.069160 1.252896 1.644691
v -0.068290 1.252896 1.566391
v 0.009150 1.252896 1.645493
v 0.088320 1.252896 1.568092
v 0.009150 1.252896 1.645493
v 0.010020 1.252896 1.567192
v 0.087450 1.252896 1.646385
v 0.166620 1.252896 1.568993
v 0.087450 1.252896 1.646385
v 0.088320 1.252896 1.568092
v 0.165750 1.252896 1.647285
v -0.224890 0.704748 1.564590
v -0.225760 0.704748 1.642891
v -0.146590 0.704748 1.565491
v -0.147460 0.704748 1.643791
v -0.146590 0.704748 1.565491
v -0.147460 0.704748 1.643791
v -0.068290 0.704748 1.566391
v -0.069160 0.704748 1.644691
v -0.068290 0.704748 1.566391
v -0.069160 0.704748 1.644691
v 0.010020 0.704748 1.567192
v 0.009150 0.704748 1.645493
v 0.010020 0.704748 1.567192
v 0.009150 0.704748 1.645493
v 0.088320 0.704748 1.568092
v 0.087450 0.704748 1.646385
v 0.088320 0.704748 1.568092
v 0.087450 0.704748 1.646385
v 0.166620 0.704748 1.568993
v 0.165750 0.704748 1.647285
v -0.049150 0.626441 -0.156311
v -0.049150 0.548134 -0.156311
v -0.127450 0.548134 -0.157112
v -0.127450 0.783055 -0.157112
v -0.049150 0.783055 -0.156311
v 0.029160 0.626441 -0.155411
v 0.107460 0.548134 -0.154510
v 0.029160 0.548134 -0.155411
v 0.107460 0.783055 -0.154510
v -0.049150 0.783055 -0.156311
v -0.049150 0.626441 -0.156311
v -0.205750 0.783055 -0.158012
v -0.127450 0.548134 -0.157112
v -0.205750 0.548134 -0.158012
v -0.127450 0.783055 -0.157112
v 0.107460 0.783055 -0.154510
v 0.185760 0.548134 -0.153709
v 0.107460 0.548134 -0.154510
v 0.185760 0.783055 -0.153709
v -0.018700 1.331206 -2.896812
v -0.102220 1.331206 -2.427910
v -0.097000 1.331206 -2.897713
v -0.023920 1.331206 -2.427010
v -0.026530 1.331206 -2.192108
v -0.108310 1.331206 -1.879814
v -0.104830 1.331206 -2.193008
v -0.030010 1.331206 -1.878914
v -0.032620 1.331206 -1.644012
v -0.116140 1.331206 -1.175110
v -0.110920 1.331206 -1.644913
v -0.037840 1.331206 -1.174210
v 0.059610 1.331206 -2.896011
v -0.023920 1.331206 -2.427010
v -0.018700 1.331206 -2.896812
v 0.054390 1.331206 -2.426208
v 0.051780 1.331206 -2.191315
v -0.030010 1.331206 -1.878914
v -0.026530 1.331206 -2.192108
v 0.048300 1.331206 -1.878014
v 0.045690 1.331206 -1.643112
v -0.037840 1.331206 -1.174210
v -0.032620 1.331206 -1.644012
v 0.040470 1.331206 -1.173309
v 0.137910 1.331206 -2.895111
v 0.054390 1.331206 -2.426208
v 0.059610 1.331206 -2.896011
v 0.132690 1.331206 -2.425308
v 0.130080 1.331206 -2.190414
v 0.048300 1.331206 -1.878014
v 0.051780 1.331206 -2.191315
v 0.126600 1.331206 -1.877213
v 0.123990 1.331206 -1.642311
v 0.040470 1.331206 -1.173309
v 0.045690 1.331206 -1.643112
v 0.118770 1.331206 -1.172508
v -0.045670 0.626441 -0.469513
v -0.049150 0.626441 -0.156311
v 0.032640 0.626441 -0.468613
v 0.029160 0.626441 -0.155411
v -0.206620 0.548134 -0.079712
v -0.128320 0.469827 -0.078812
v -0.206620 0.469827 -0.079712
v -0.128320 0.548134 -0.078812
v -0.128320 0.548134 -0.078812
v -0.050020 0.469827 -0.078011
v -0.128320 0.469827 -0.078812
v -0.050020 0.548134 -0.078011
v -0.050020 0.548134 -0.078011
v 0.106590 0.469827 -0.076210
v -0.050020 0.469827 -0.078011
v 0.106590 0.548134 -0.076210
v 0.106590 0.548134 -0.076210
v 0.184890 0.469827 -0.075409
v 0.106590 0.469827 -0.076210
v 0.184890 0.548134 -0.075409
v -0.067420 1.409506 1.488091
v -0.146590 1.409506 1.565491
v -0.145720 1.409506 1.487190
v -0.068290 1.409506 1.566391
v 0.010890 1.409506 1.488892
v -0.068290 1.409506 1.566391
v -0.067420 1.409506 1.488091
v 0.010020 1.409506 1.567192
v 0.089190 1.409506 1.489792
v 0.010020 1.409506 1.567192
v 0.010890 1.409506 1.488892
v 0.088320 1.409506 1.568092
v -0.210100 0.548134 0.233490
v -0.214450 0.548134 0.624992
v -0.131800 0.548134 0.234390
v -0.136150 0.548134 0.625893
v -0.131800 0.548134 0.234390
v -0.136150 0.548134 0.625893
v 0.103110 0.548134 0.236992
v 0.098760 0.548134 0.628487
v 0.103110 0.548134 0.236992
v 0.098760 0.548134 0.628487
v 0.181410 0.548134 0.237785
v 0.177060 0.548134 0.629387
v -0.207490 0.469827 -0.001411
v -0.129190 0.313214 -0.000511
v -0.207490 0.313214 -0.001411
v -0.129190 0.469827 -0.000511
v -0.129190 0.469827 -0.000511
v -0.050890 0.313214 0.000290
v -0.129190 0.313214 -0.000511
v -0.050890 0.469827 0.000290
v -0.050890 0.469827 0.000290
v 0.105720 0.313214 0.002090
v -0.050890 0.313214 0.000290
v 0.105720 0.469827 0.002090
v 0.105720 0.469827 0.002090
v 0.184020 0.313214 0.002892
v 0.105720 0.313214 0.002090
v 0.184020 0.469827 0.002892
v -0.208360 0.313214 0.076889
v 0.183150 0.234907 0.081192
v -0.208360 0.234907 0.076889
v -0.130060 0.313214 0.077789
v -0.051760 0.313214 0.078590
v 0.104850 0.313214 0.080391
v 0.183150 0.313214 0.081192
v -0.209230 0.234907 0.155190
v -0.130930 0.156600 0.156090
v -0.209230 0.156600 0.155190
v -0.130930 0.234907 0.156090
v -0.130930 0.234907 0.156090
v -0.052630 0.156600 0.156891
v -0.130930 0.156600 0.156090
v -0.052630 0.234907 0.156891
v -0.052630 0.234907 0.156891
v 0.103980 0.156600 0.158691
v -0.052630 0.156600 0.156891
v 0.103980 0.234907 0.158691
v 0.103980 0.234907 0.158691
v 0.182280 0.156600 0.159492
v 0.103980 0.156600 0.158691
v 0.182280 0.234907 0.159492
v -0.121360 1.801046 -0.705315
v -0.209230 1.801046 0.155190
v -0.198790 1.801046 -0.784409
v -0.043060 1.801046 -0.704414
v 0.035250 1.801046 -0.703514
v 0.113550 1.801046 -0.702614
v -0.122230 1.801046 -0.626907
v 0.192720 1.801046 -0.780113
v -0.126580 1.801046 -0.235413
v -0.127450 1.801046 -0.157112
v -0.130060 1.801046 0.077789
v 0.104850 1.801046 0.080391
v 0.182280 1.801046 0.159492
v 0.107460 1.801046 -0.154510
v 0.112680 1.801046 -0.624313
v 0.108330 1.801046 -0.232811
v -0.043930 1.801046 -0.626114
v -0.126580 1.801046 -0.235413
v -0.122230 1.801046 -0.626907
v -0.048280 1.801046 -0.234612
v 0.034380 1.801046 -0.625214
v 0.030030 1.801046 -0.233711
v 0.112680 1.801046 -0.624313
v 0.108330 1.801046 -0.232811
v -0.049150 1.801046 -0.156311
v -0.130060 1.801046 0.077789
v -0.127450 1.801046 -0.157112
v 0.029160 1.801046 -0.155411
v 0.107460 1.801046 -0.154510
v 0.104850 1.801046 0.080391
v -0.213580 0.783055 0.546692
v -0.135280 0.704748 0.547592
v -0.213580 0.704748 0.546692
v -0.135280 0.783055 0.547592
v -0.135280 0.783055 0.547592
v 0.099630 0.704748 0.550186
v -0.135280 0.704748 0.547592
v 0.099630 0.783055 0.550186
v 0.099630 0.783055 0.550186
v 0.177930 0.704748 0.551086
v 0.099630 0.704748 0.550186
v 0.177930 0.783055 0.551086
v -0.214450 0.704748 0.624992
v -0.136150 0.548134 0.625893
v -0.214450 0.548134 0.624992
v -0.136150 0.704748 0.625893
v -0.136150 0.704748 0.625893
v 0.098760 0.548134 0.628487
v -0.136150 0.548134 0.625893
v 0.098760 0.704748 0.628487
v 0.098760 0.704748 0.628487
v 0.177060 0.548134 0.629387
v 0.098760 0.548134 0.628487
v 0.177060 0.704748 0.629387
v -0.189220 0.626441 -1.645714
v 0.202290 0.626441 -1.641411
v -0.110920 0.704748 -1.644913
v -0.110920 0.783055 -1.644913
v -0.032620 0.704748 -1.644012
v -0.110920 0.861361 -1.644913
v 0.045690 0.704748 -1.643112
v -0.110920 0.939668 -1.644913
v 0.123990 0.704748 -1.642311
v -0.110920 1.017976 -1.644913
v 0.123990 0.783055 -1.642311
v -0.110920 1.096286 -1.644913
v -0.110920 1.174586 -1.644913
v -0.110920 1.252896 -1.644913
v 0.123990 0.861361 -1.642311
v -0.110920 1.331206 -1.644913
v -0.110920 1.409506 -1.644913
v -0.110920 1.487816 -1.644913
v -0.110920 1.566126 -1.644913
v 0.123990 0.939668 -1.642311
v -0.189220 1.644426 -1.645714
v -0.032620 1.566126 -1.644012
v 0.045690 1.566126 -1.643112
v 0.123990 1.566126 -1.642311
v 0.202290 1.644426 -1.641411
v 0.123990 1.487816 -1.642311
v 0.123990 1.409506 -1.642311
v 0.123990 1.331206 -1.642311
v 0.123990 1.252896 -1.642311
v 0.123990 1.174586 -1.642311
v 0.123990 1.096286 -1.642311
v 0.123990 1.017976 -1.642311
v -0.110920 0.939668 -1.644913
v -0.032620 0.939668 -1.644012
v -0.110920 1.017976 -1.644913
v -0.032620 1.017976 -1.644012
v -0.032620 0.939668 -1.644012
v 0.045690 0.939668 -1.643112
v -0.032620 1.017976 -1.644012
v 0.045690 1.017976 -1.643112
v 0.045690 0.939668 -1.643112
v 0.123990 0.939668 -1.642311
v 0.045690 1.017976 -1.643112
v 0.123990 1.017976 -1.642311
v -0.110920 1.252896 -1.644913
v -0.032620 1.252896 -1.644012
v -0.110920 1.331206 -1.644913
v -0.032620 1.331206 -1.644012
v -0.032620 1.252896 -1.644012
v 0.045690 1.252896 -1.643112
v -0.032620 1.331206 -1.644012
v 0.045690 1.331206 -1.643112
v 0.045690 1.252896 -1.643112
v 0.123990 1.252896 -1.642311
v 0.045690 1.331206 -1.643112
v 0.123990 1.331206 -1.642311
v -0.183130 0.626441 -2.193909
v 0.208380 0.626441 -2.189514
v -0.104830 0.704748 -2.193008
v -0.104830 0.783055 -2.193008
v -0.026530 0.704748 -2.192108
v -0.104830 0.861361 -2.193008
v 0.051780 0.704748 -2.191315
v -0.104830 0.939668 -2.193008
v 0.130080 0.704748 -2.190414
v -0.104830 1.017976 -2.193008
v 0.130080 0.783055 -2.190414
v -0.104830 1.096286 -2.193008
v -0.104830 1.174586 -2.193008
v -0.104830 1.252896 -2.193008
v 0.130080 0.861361 -2.190414
v -0.104830 1.331206 -2.193008
v -0.104830 1.409506 -2.193008
v -0.104830 1.487816 -2.193008
v -0.104830 1.566126 -2.193008
v 0.130080 0.939668 -2.190414
v -0.183130 1.644426 -2.193909
v -0.026530 1.566126 -2.192108
v 0.051780 1.566126 -2.191315
v 0.130080 1.566126 -2.190414
v 0.208380 1.644426 -2.189514
v 0.130080 1.487816 -2.190414
v 0.130080 1.409506 -2.190414
v 0.130080 1.331206 -2.190414
v 0.130080 1.252896 -2.190414
v 0.130080 1.174586 -2.190414
v 0.130080 1.096286 -2.190414
v 0.130080 1.017976 -2.190414
v -0.104830 0.939668 -2.193008
v -0.026530 0.939668 -2.192108
v -0.104830 1.017976 -2.193008
v -0.026530 1.017976 -2.192108
v -0.026530 0.939668 -2.192108
v 0.051780 0.939668 -2.191315
v -0.026530 1.017976 -2.192108
v 0.051780 1.017976 -2.191315
v 0.051780 0.939668 -2.191315
v 0.130080 0.939668 -2.190414
v 0.051780 1.017976 -2.191315
v 0.130080 1.017976 -2.190414
v -0.104830 1.252896 -2.193008
v -0.026530 1.252896 -2.192108
v -0.104830 1.331206 -2.193008
v -0.026530 1.331206 -2.192108
v -0.026530 1.252896 -2.192108
v 0.051780 1.252896 -2.191315
v -0.026530 1.331206 -2.192108
v 0.051780 1.331206 -2.191315
v 0.051780 1.252896 -2.191315
v 0.130080 1.252896 -2.190414
v 0.051780 1.331206 -2.191315
v 0.130080 1.331206 -2.190414
v -0.146590 1.331206 1.565491
v -0.068290 1.252896 1.566391
v -0.146590 1.252896 1.565491
v -0.068290 1.331206 1.566391
v -0.068290 1.331206 1.566391
v 0.010020 1.252896 1.567192
v -0.068290 1.252896 1.566391
v 0.010020 1.331206 1.567192
v 0.010020 1.331206 1.567192
v 0.088320 1.252896 1.568092
v 0.010020 1.252896 1.567192
v 0.088320 1.331206 1.568092
v -0.146590 1.409506 1.565491
v -0.068290 1.331206 1.566391
v -0.146590 1.331206 1.565491
v 0.010020 1.331206 1.567192
v 0.088320 1.331206 1.568092
v -0.068290 1.409506 1.566391
v 0.010020 1.409506 1.567192
v 0.088320 1.409506 1.568092
v -0.175300 0.939668 -2.898613
v -0.097000 0.939668 -2.897713
v -0.097000 1.017976 -2.897713
v -0.018700 0.939668 -2.896812
v 0.059610 0.939668 -2.896011
v 0.137910 0.939668 -2.895111
v -0.097000 1.096286 -2.897713
v -0.097000 1.174586 -2.897713
v -0.097000 1.252896 -2.897713
v -0.175300 1.331206 -2.898613
v -0.018700 1.252896 -2.896812
v 0.059610 1.252896 -2.896011
v 0.137910 1.252896 -2.895111
v -0.097000 1.331206 -2.897713
v -0.018700 1.331206 -2.896812
v 0.059610 1.331206 -2.896011
v 0.137910 1.331206 -2.895111
v 0.216210 0.939668 -2.894211
v 0.216210 1.331206 -2.894211
v 0.137910 1.174586 -2.895111
v -0.018700 1.017976 -2.896812
v 0.137910 1.096286 -2.895111
v 0.059610 1.017976 -2.896011
v 0.137910 1.017976 -2.895111
v -0.016090 0.783055 -3.131714
v 0.062220 0.783055 -3.130913
v -0.016090 0.861361 -3.131714
v 0.062220 0.861361 -3.130913
vn 0.0079 -0.0000 -1.0000
vn 0.0078 -0.0000 -1.0000
vn -0.0079 -0.0000 1.0000
vn -0.0078 -0.0000 1.0000
vn 0.0080 -0.0000 -1.0000
vn -0.0000 1.0000 -0.0000
vn -0.0000 -1.0000 -0.0000
vn 1.0000 -0.0000 0.0079
vn 1.0000 -0.0000 0.0078
vn -1.0000 -0.0000 -0.0079
vn -1.0000 -0.0000 -0.0078
vn -0.0080 -0.0000 1.0000
vt 0.001953 0.500000
vt 0.029297 0.500000
vt 0.080078 0.500000
vt 0.033203 0.500000
vt 0.083984 0.500000
vt 0.037109 0.500000
vt 0.076172 0.500000
vt 0.177734 0.500000
vt 0.181641 0.500000
vt 0.212891 0.500000
vt 0.201172 0.500000
vt 0.228516 0.500000
vt 0.205078 0.500000
vt 0.216797 0.500000
vt 0.185547 0.500000
vt 0.220703 0.500000
vt 0.189453 0.500000
vt 0.193359 0.500000
vt 0.224609 0.500000
vt 0.197266 0.500000
vt 0.994141 0.500000
vt 0.427734 0.500000
vt 0.416016 0.500000
vt 0.162109 0.500000
vt 0.255859 0.500000
vt 0.060547 0.500000
vt 0.056641 0.500000
vt 0.052734 0.500000
vt 0.048828 0.500000
vt 0.095703 0.500000
vt 0.259766 0.500000
vt 0.373047 0.500000
vt 0.322266 0.500000
vt 0.267578 0.500000
vt 0.291016 0.500000
vt 0.044922 0.500000
vt 0.091797 0.500000
vt 0.041016 0.500000
vt 0.087891 0.500000
vt 0.388672 0.500000
vt 0.333984 0.500000
vt 0.330078 0.500000
vt 0.326172 0.500000
vt 0.208984 0.500000
vt 0.357422 0.500000
vt 0.353516 0.500000
vt 0.349609 0.500000
vt 0.380859 0.500000
vt 0.236328 0.500000
vt 0.294922 0.500000
vt 0.263672 0.500000
vt 0.287109 0.500000
vt 0.810547 0.500000
vt 0.279297 0.500000
vt 0.251953 0.500000
vt 0.806641 0.500000
vt 0.244141 0.500000
vt 0.369141 0.500000
vt 0.365234 0.500000
vt 0.314453 0.500000
vt 0.341797 0.500000
vt 0.306641 0.500000
vt 0.005859 0.500000
vt 0.009766 0.500000
vt 0.013672 0.500000
vt 0.017578 0.500000
vt 0.021484 0.500000
vt 0.025391 0.500000
vt 0.384766 0.500000
vt 0.298828 0.500000
vt 0.376953 0.500000
vt 0.271484 0.500000
vt 0.619141 0.500000
vt 0.603516 0.500000
vt 0.318359 0.500000
vt 0.443359 0.500000
vt 0.447266 0.500000
vt 0.451172 0.500000
vt 0.455078 0.500000
vt 0.458984 0.500000
vt 0.525391 0.500000
vt 0.552734 0.500000
vt 0.521484 0.500000
vt 0.548828 0.500000
vt 0.494141 0.500000
vt 0.501953 0.500000
vt 0.470703 0.500000
vt 0.478516 0.500000
vt 0.544922 0.500000
vt 0.568359 0.500000
vt 0.505859 0.500000
vt 0.466797 0.500000
vt 0.658203 0.500000
vt 0.681641 0.500000
vt 0.693359 0.500000
vt 0.072266 0.500000
vt 0.099609 0.500000
vt 0.111328 0.500000
vt 0.123047 0.500000
vt 0.130859 0.500000
vt 0.498047 0.500000
vt 0.412109 0.500000
vt 0.623047 0.500000
vt 0.646484 0.500000
vt 0.654297 0.500000
vt 0.677734 0.500000
vt 0.068359 0.500000
vt 0.103516 0.500000
vt 0.119141 0.500000
vt 0.591797 0.500000
vt 0.701172 0.500000
vt 0.689453 0.500000
vt 0.064453 0.500000
vt 0.107422 0.500000
vt 0.115234 0.500000
vt 0.126953 0.500000
vt 0.490234 0.500000
vt 0.392578 0.500000
vt 0.673828 0.500000
vt 0.400391 0.500000
vt 0.697266 0.500000
vt 0.705078 0.500000
vt 0.642578 0.500000
vt 0.669922 0.500000
vt 0.685547 0.500000
vt 0.666016 0.500000
vt 0.587891 0.500000
vt 0.716797 0.500000
vt 0.662109 0.500000
vt 0.439453 0.500000
vt 0.486328 0.500000
vt 0.423828 0.500000
vt 0.482422 0.500000
vt 0.408203 0.500000
vt 0.419922 0.500000
vt 0.404297 0.500000
vt 0.396484 0.500000
vt 0.583984 0.500000
vt 0.541016 0.500000
vt 0.517578 0.500000
vt 0.435547 0.500000
vt 0.513672 0.500000
vt 0.431641 0.500000
vt 0.509766 0.500000
vt 0.474609 0.500000
vt 0.462891 0.500000
vt 0.345703 0.500000
vt 0.802734 0.500000
vt 0.798828 0.500000
vt 0.794922 0.500000
vt 0.791016 0.500000
vt 0.533203 0.500000
vt 0.564453 0.500000
vt 0.576172 0.500000
vt 0.611328 0.500000
s 1
usemtl Handle1Mtl
f 1/1/1 2/1/1 3/1/1
f 4/1/2 1/1/1 3/1/1
f 5/1/1 4/1/2 3/1/1
f 6/1/1 2/1/1 1/1/1
f 7/1/2 5/1/1 3/1/1
f 8/1/1 2/1/1 6/1/1
f 9/1/1 7/1/2 3/1/1
f 10/1/1 2/1/1 8/1/1
f 9/1/1 11/1/1 7/1/2
f 12/1/1 2/1/1 10/1/1
f 9/1/1 12/1/1 11/1/1
f 13/1/1 2/1/1 12/1/1
f 13/1/1 12/1/1 9/1/1
f 14/2/1 15/2/1 16/2/1
f 17/2/2 15/2/1 14/2/1
f 18/3/1 19/3/1 20/3/1
f 21/3/1 19/3/1 18/3/1
f 22/3/1 19/3/1 21/3/1
f 23/4/1 24/4/1 25/4/1
f 26/4/1 24/4/1 23/4/1
f 27/4/1 28/4/2 26/4/1
f 29/4/1 28/4/2 27/4/1
f 29/4/1 30/4/1 28/4/2
f 28/4/2 30/4/1 31/4/1
f 32/5/1 33/5/1 34/5/1
f 35/5/1 33/5/1 32/5/1
f 36/6/1 37/6/1 38/6/1
f 39/6/2 37/6/1 36/6/1
f 40/1/1 41/1/1 42/1/1
f 43/1/1 40/1/1 42/1/1
f 44/1/1 40/1/1 43/1/1
f 45/1/1 41/1/1 40/1/1
f 46/1/1 41/1/1 45/1/1
f 47/1/1 41/1/1 46/1/1
f 48/7/1 49/7/1 50/7/1
f 51/7/1 49/7/1 48/7/1
f 52/1/1 53/1/1 54/1/1
f 55/1/1 52/1/1 54/1/1
f 55/1/1 56/1/2 52/1/1
f 57/1/1 56/1/2 55/1/1
f 57/1/1 58/1/1 56/1/2
f 56/1/2 58/1/1 59/1/1
f 60/7/1 61/7/1 62/7/1
f 63/7/1 61/7/1 60/7/1
f 64/1/3 65/1/4 66/1/3
f 64/1/3 66/1/3 67/1/3
f 64/1/3 67/1/3 68/1/3
f 68/1/3 67/1/3 69/1/3
f 66/1/3 65/1/4 70/1/3
f 70/1/3 65/1/4 71/1/4
f 71/1/4 65/1/4 72/1/3
f 72/1/3 65/1/4 73/1/3
f 74/8/3 75/8/3 76/8/4
f 76/8/4 75/8/3 77/8/3
f 77/8/3 75/8/3 78/8/3
f 78/8/3 75/8/3 79/8/3
f 80/9/3 81/9/3 82/9/3
f 82/9/3 81/9/3 83/9/3
f 84/10/3 85/10/3 86/10/3
f 86/10/3 85/10/3 87/10/3
f 88/9/3 89/9/3 90/9/3
f 90/9/3 89/9/3 91/9/3
f 92/1/3 93/1/3 94/1/3
f 92/1/3 94/1/3 95/1/3
f 92/1/3 95/1/3 96/1/3
f 95/1/3 97/1/3 96/1/3
f 96/1/3 97/1/3 98/1/3
f 97/1/3 99/1/3 98/1/3
f 100/1/3 99/1/3 97/1/3
f 101/1/3 99/1/3 100/1/3
f 102/11/3 103/11/3 104/11/3
f 104/11/3 103/11/3 105/11/3
f 106/12/3 107/12/3 108/12/3
f 108/12/3 107/12/3 109/12/3
f 110/11/4 111/11/3 112/11/3
f 112/11/3 111/11/3 113/11/3
f 114/13/3 115/13/3 116/13/4
f 117/13/3 114/13/3 116/13/4
f 115/13/3 118/13/3 116/13/4
f 116/13/4 118/13/3 119/13/3
f 120/9/3 121/9/3 122/9/3
f 120/9/3 122/9/3 123/9/3
f 123/9/3 122/9/3 124/9/3
f 121/9/3 125/9/3 122/9/3
f 125/9/3 126/9/3 122/9/3
f 122/9/3 126/9/3 127/9/3
f 127/9/3 126/9/3 128/9/3
f 128/9/3 126/9/3 129/9/3
f 130/1/3 131/1/3 132/1/3
f 130/1/3 132/1/3 133/1/3
f 130/1/3 133/1/3 134/1/3
f 130/1/3 134/1/3 135/1/3
f 130/1/3 135/1/3 136/1/3
f 136/1/3 135/1/3 137/1/3
f 138/14/3 139/14/3 140/14/3
f 140/14/3 139/14/3 141/14/3
f 142/1/3 143/1/3 144/1/3
f 144/1/3 143/1/3 145/1/3
f 145/1/3 143/1/3 146/1/3
f 146/1/3 143/1/3 147/1/3
f 147/1/3 143/1/3 148/1/3
f 148/1/3 143/1/3 149/1/3
f 150/15/3 151/15/3 152/15/3
f 151/15/3 153/15/3 152/15/3
f 153/15/3 154/15/3 152/15/3
f 152/15/3 154/15/3 155/15/3
f 155/15/3 154/15/3 156/15/3
f 156/15/3 154/15/3 157/15/3
f 158/16/3 159/16/3 160/16/3
f 160/16/3 159/16/3 161/16/3
f 162/17/3 163/17/3 164/17/3
f 162/17/3 164/17/3 165/17/3
f 164/17/3 166/17/3 165/17/3
f 165/17/3 166/17/3 167/17/3
f 167/17/3 166/17/3 168/17/3
f 166/17/3 169/17/3 168/17/3
f 170/17/3 169/17/3 166/17/3
f 168/17/3 169/17/3 171/17/3
f 172/18/3 173/18/3 174/18/3
f 174/18/3 173/18/3 175/18/3
f 176/19/3 177/19/3 178/19/3
f 178/19/3 177/19/3 179/19/3
f 180/18/3 181/18/3 182/18/3
f 182/18/3 181/18/3 183/18/3
f 184/20/3 185/20/3 186/20/3
f 187/20/3 184/20/3 186/20/3
f 185/20/3 188/20/3 186/20/3
f 186/20/3 188/20/3 189/20/3
f 189/20/3 188/20/3 190/20/3
f 190/20/3 188/20/3 191/20/3
f 192/21/4 193/21/3 194/21/3
f 194/21/3 193/21/3 195/21/4
f 194/21/3 195/21/4 196/21/3
f 196/21/3 195/21/4 197/21/3
f 197/21/3 195/21/4 198/21/3
f 198/21/3 195/21/4 199/21/3
f 200/1/1 201/1/5 202/1/1
f 203/1/1 201/1/5 200/1/1
f 204/1/1 200/1/1 202/1/1
f 205/1/1 201/1/5 203/1/1
f 206/1/1 204/1/1 202/1/1
f 207/1/1 201/1/5 205/1/1
f 208/1/1 206/1/1 202/1/1
f 209/1/1 201/1/5 207/1/1
f 210/1/1 208/1/1 202/1/1
f 211/1/1 201/1/5 209/1/1
f 212/1/1 210/1/1 202/1/1
f 213/1/1 201/1/5 211/1/1
f 214/1/1 212/1/1 202/1/1
f 215/1/1 201/1/5 213/1/1
f 216/1/1 214/1/1 202/1/1
f 217/1/1 201/1/5 215/1/1
f 218/1/1 216/1/1 202/1/1
f 219/1/1 201/1/5 217/1/1
f 220/1/1 218/1/1 202/1/1
f 221/1/1 220/1/1 202/1/1
f 222/1/1 221/1/1 202/1/1
f 223/1/2 222/1/1 202/1/1
f 223/1/2 224/1/1 222/1/1
f 223/1/2 225/1/1 224/1/1
f 223/1/2 226/1/1 225/1/1
f 227/1/1 226/1/1 223/1/2
f 227/1/1 201/1/5 226/1/1
f 226/1/1 201/1/5 228/1/1
f 228/1/1 201/1/5 229/1/1
f 229/1/1 201/1/5 230/1/2
f 230/1/2 201/1/5 231/1/1
f 231/1/1 201/1/5 219/1/1
f 232/22/1 233/22/1 234/22/1
f 235/22/1 233/22/1 232/22/1
f 236/23/1 237/23/1 238/23/1
f 239/23/1 237/23/1 236/23/1
f 240/22/1 241/22/1 242/22/1
f 243/22/1 241/22/1 240/22/1
f 244/23/1 245/23/1 246/23/1
f 247/23/1 245/23/1 244/23/1
f 248/23/1 249/23/1 250/23/1
f 251/23/1 249/23/1 248/23/1
f 252/22/1 253/22/1 254/22/1
f 255/22/1 253/22/1 252/22/1
f 256/23/1 257/23/1 258/23/1
f 259/23/1 257/23/1 256/23/1
f 260/1/3 261/1/3 262/1/3
f 262/1/3 261/1/3 263/1/3
f 264/24/3 265/24/3 266/24/3
f 266/24/3 265/24/3 267/24/3
f 268/25/4 269/25/3 270/25/3
f 270/25/3 269/25/3 271/25/3
f 272/1/3 273/1/3 274/1/3
f 274/1/3 273/1/3 275/1/3
f 276/1/3 277/1/3 278/1/3
f 278/1/3 277/1/3 279/1/3
f 280/24/3 281/24/3 282/24/3
f 282/24/3 281/24/3 283/24/3
f 284/25/4 285/25/3 286/25/3
f 286/25/3 285/25/3 287/25/3
f 288/1/3 289/1/3 290/1/3
f 290/1/3 289/1/3 291/1/3
f 292/1/1 293/1/1 294/1/1
f 295/1/1 293/1/1 292/1/1
f 296/1/1 292/1/1 294/1/1
f 297/1/1 293/1/1 295/1/1
f 298/1/1 296/1/1 294/1/1
f 299/1/1 293/1/1 297/1/1
f 300/1/1 298/1/1 294/1/1
f 301/1/1 293/1/1 299/1/1
f 302/1/1 300/1/1 294/1/1
f 303/1/1 293/1/1 301/1/1
f 304/1/1 302/1/1 294/1/1
f 305/1/1 293/1/1 303/1/1
f 306/1/1 304/1/1 294/1/1
f 307/1/1 293/1/1 305/1/1
f 308/1/1 306/1/1 294/1/1
f 309/1/1 293/1/1 307/1/1
f 310/1/1 308/1/1 294/1/1
f 311/1/1 293/1/1 309/1/1
f 312/1/1 310/1/1 294/1/1
f 313/1/1 312/1/1 294/1/1
f 314/1/1 313/1/1 294/1/1
f 315/1/1 314/1/1 294/1/1
f 315/1/1 316/1/1 314/1/1
f 315/1/1 317/1/1 316/1/1
f 315/1/1 318/1/1 317/1/1
f 319/1/1 318/1/1 315/1/1
f 319/1/1 293/1/1 318/1/1
f 318/1/1 293/1/1 320/1/1
f 320/1/1 293/1/1 321/1/1
f 321/1/1 293/1/1 322/1/1
f 322/1/1 293/1/1 323/1/1
f 323/1/1 293/1/1 311/1/1
f 324/23/1 325/23/1 326/23/1
f 327/23/1 325/23/1 324/23/1
f 328/22/1 329/22/1 330/22/1
f 331/22/1 329/22/1 328/22/1
f 332/23/1 333/23/1 334/23/1
f 335/23/1 333/23/1 332/23/1
f 336/23/1 337/23/1 338/23/1
f 339/23/1 337/23/1 336/23/1
f 340/22/1 341/22/1 342/22/1
f 343/22/1 341/22/1 340/22/1
f 344/23/1 345/23/1 346/23/1
f 347/23/1 345/23/1 344/23/1
f 348/1/3 349/1/3 350/1/3
f 350/1/3 349/1/3 351/1/3
f 352/24/3 353/24/3 354/24/3
f 354/24/3 353/24/3 355/24/3
f 356/25/3 357/25/3 358/25/3
f 358/25/3 357/25/3 359/25/3
f 360/1/3 361/1/3 362/1/3
f 362/1/3 361/1/3 363/1/3
f 364/1/6 365/1/6 366/1/6
f 366/1/6 365/1/6 367/1/6
f 368/1/3 369/1/3 370/1/3
f 370/1/3 369/1/3 371/1/3
f 372/24/3 373/24/3 374/24/3
f 374/24/3 373/24/3 375/24/3
f 376/25/3 377/25/3 378/25/3
f 378/25/3 377/25/3 379/25/4
f 380/1/3 381/1/3 382/1/3
f 382/1/3 381/1/3 383/1/3
f 384/1/7 385/1/7 386/1/7
f 387/1/7 384/1/7 386/1/7
f 388/1/7 385/1/7 384/1/7
f 389/1/7 387/1/7 386/1/7
f 390/1/7 385/1/7 388/1/7
f 391/1/7 385/1/7 390/1/7
f 392/1/7 385/1/7 391/1/7
f 393/1/7 385/1/7 392/1/7
f 394/1/7 385/1/7 393/1/7
f 394/1/7 393/1/7 389/1/7
f 389/1/7 393/1/7 395/1/7
f 389/1/7 396/1/7 387/1/7
f 389/1/7 395/1/7 397/1/7
f 389/1/7 397/1/7 396/1/7
f 398/26/7 399/26/7 400/26/7
f 401/26/7 398/26/7 400/26/7
f 402/26/7 401/26/7 400/26/7
f 403/26/7 401/26/7 402/26/7
f 404/27/7 405/27/7 406/27/7
f 407/27/7 405/27/7 404/27/7
f 408/28/7 409/28/7 410/28/7
f 411/28/7 409/28/7 408/28/7
f 412/29/7 413/29/7 414/29/7
f 415/29/7 413/29/7 412/29/7
f 416/29/7 413/29/7 415/29/7
f 417/29/7 413/29/7 416/29/7
f 418/30/7 419/30/7 420/30/7
f 418/30/7 421/30/7 419/30/7
f 422/30/7 421/30/7 418/30/7
f 423/30/7 421/30/7 422/30/7
f 424/27/7 425/27/7 426/27/7
f 427/27/7 425/27/7 424/27/7
f 428/28/7 429/28/7 430/28/7
f 431/28/7 429/28/7 428/28/7
f 432/1/7 433/1/7 434/1/7
f 435/1/7 433/1/7 432/1/7
f 436/24/7 437/24/7 438/24/7
f 439/24/7 437/24/7 436/24/7
f 440/25/7 441/25/7 442/25/7
f 443/25/7 441/25/7 440/25/7
f 444/1/7 445/1/7 446/1/7
f 447/1/7 445/1/7 444/1/7
f 448/1/3 449/1/3 450/1/3
f 450/1/3 449/1/3 451/1/3
f 452/1/3 453/1/3 454/1/3
f 454/1/3 453/1/3 455/1/3
f 456/1/7 457/1/7 458/1/7
f 459/1/7 456/1/7 458/1/7
f 460/1/7 459/1/7 458/1/7
f 461/1/7 460/1/7 458/1/7
f 462/1/7 460/1/7 461/1/7
f 463/1/7 464/1/7 465/1/7
f 466/1/7 464/1/7 463/1/7
f 467/24/7 468/24/7 469/24/7
f 470/24/7 468/24/7 467/24/7
f 471/25/7 472/25/7 473/25/7
f 474/25/7 472/25/7 471/25/7
f 475/1/7 476/1/7 477/1/7
f 478/1/7 476/1/7 475/1/7
f 479/1/3 480/1/3 481/1/3
f 481/1/3 480/1/3 482/1/3
f 483/31/3 484/31/3 485/31/3
f 485/31/3 484/31/3 486/31/3
f 487/1/3 488/1/3 489/1/3
f 489/1/3 488/1/3 490/1/3
f 491/1/6 492/1/6 493/1/6
f 493/1/6 492/1/6 494/1/6
f 494/1/6 492/1/6 495/1/6
f 495/1/6 492/1/6 496/1/6
f 497/32/6 498/32/6 499/32/6
f 499/32/6 498/32/6 500/32/6
f 501/32/6 502/32/6 503/32/6
f 503/32/6 502/32/6 504/32/6
f 505/33/6 506/33/6 507/33/6
f 505/33/6 507/33/6 508/33/6
f 508/33/6 507/33/6 509/33/6
f 510/33/6 511/33/6 512/33/6
f 512/33/6 511/33/6 513/33/6
f 512/33/6 513/33/6 514/33/6
f 514/33/6 513/33/6 515/33/6
f 516/1/6 517/1/6 518/1/6
f 517/1/6 519/1/6 518/1/6
f 519/1/6 520/1/6 518/1/6
f 518/1/6 520/1/6 521/1/6
f 522/1/1 523/1/1 524/1/1
f 525/1/1 523/1/1 522/1/1
f 526/1/1 522/1/1 524/1/1
f 527/1/1 523/1/1 525/1/1
f 528/1/1 526/1/1 524/1/1
f 529/1/1 523/1/1 527/1/1
f 530/1/1 528/1/1 524/1/1
f 531/1/1 523/1/1 529/1/1
f 532/1/1 530/1/1 524/1/1
f 533/1/1 523/1/1 531/1/1
f 534/1/1 532/1/1 524/1/1
f 535/1/1 523/1/1 533/1/1
f 536/1/1 534/1/1 524/1/1
f 537/1/2 523/1/1 535/1/1
f 538/1/1 536/1/1 524/1/1
f 539/1/1 523/1/1 537/1/2
f 540/1/1 538/1/1 524/1/1
f 541/1/1 523/1/1 539/1/1
f 542/1/1 540/1/1 524/1/1
f 543/1/1 542/1/1 524/1/1
f 544/1/1 543/1/1 524/1/1
f 545/1/1 544/1/1 524/1/1
f 545/1/1 546/1/1 544/1/1
f 545/1/1 547/1/1 546/1/1
f 545/1/1 548/1/2 547/1/1
f 549/1/1 548/1/2 545/1/1
f 549/1/1 523/1/1 548/1/2
f 548/1/2 523/1/1 550/1/1
f 550/1/1 523/1/1 551/1/1
f 551/1/1 523/1/1 552/1/1
f 552/1/1 523/1/1 553/1/1
f 553/1/1 523/1/1 541/1/1
f 554/34/1 555/34/1 556/34/1
f 554/34/1 556/34/1 557/34/1
f 554/34/1 558/34/1 555/34/1
f 559/34/1 558/34/1 554/34/1
f 560/34/1 558/34/1 559/34/1
f 561/34/1 558/34/1 560/34/1
f 562/34/1 563/34/1 564/34/1
f 562/34/1 564/34/1 565/34/1
f 562/34/1 566/34/1 563/34/1
f 567/34/1 566/34/1 562/34/1
f 568/34/1 566/34/1 567/34/1
f 569/34/1 566/34/1 568/34/1
f 570/1/7 571/1/7 572/1/7
f 573/1/7 571/1/7 570/1/7
f 574/1/7 575/1/7 576/1/7
f 577/1/7 575/1/7 574/1/7
f 578/35/7 579/35/7 580/35/7
f 581/35/7 579/35/7 578/35/7
f 582/24/7 583/24/7 584/24/7
f 585/24/7 583/24/7 582/24/7
f 586/31/7 587/31/7 588/31/7
f 589/31/7 587/31/7 586/31/7
f 590/25/7 591/25/7 592/25/7
f 593/25/7 591/25/7 590/25/7
f 594/1/7 595/1/7 596/1/7
f 597/1/7 595/1/7 594/1/7
f 598/1/7 599/1/7 600/1/7
f 601/1/7 599/1/7 598/1/7
f 602/1/4 603/1/3 604/1/3
f 602/1/4 604/1/3 605/1/3
f 602/1/4 605/1/3 606/1/3
f 604/1/3 603/1/3 607/1/3
f 602/1/4 606/1/3 608/1/3
f 607/1/3 603/1/3 609/1/3
f 606/1/3 610/1/3 608/1/3
f 609/1/3 603/1/3 611/1/3
f 610/1/3 612/1/3 608/1/3
f 611/1/3 603/1/3 612/1/3
f 608/1/3 612/1/3 613/1/3
f 612/1/3 603/1/3 613/1/3
f 614/36/3 615/36/3 616/36/3
f 616/36/3 615/36/3 617/36/3
f 618/37/3 619/37/3 620/37/3
f 620/37/3 619/37/3 621/37/3
f 622/38/3 623/38/3 624/38/3
f 624/38/3 623/38/3 625/38/3
f 626/39/3 627/39/3 628/39/3
f 628/39/3 627/39/3 629/39/3
f 630/1/6 631/1/6 632/1/6
f 630/1/6 632/1/6 633/1/6
f 632/1/6 631/1/6 634/1/6
f 630/1/6 633/1/6 635/1/6
f 634/1/6 631/1/6 636/1/6
f 630/1/6 635/1/6 637/1/6
f 636/1/6 631/1/6 638/1/6
f 635/1/6 638/1/6 637/1/6
f 638/1/6 631/1/6 639/1/6
f 637/1/6 638/1/6 639/1/6
f 640/1/6 641/1/6 642/1/6
f 640/1/6 642/1/6 643/1/6
f 642/1/6 641/1/6 644/1/6
f 640/1/6 643/1/6 645/1/6
f 644/1/6 641/1/6 646/1/6
f 640/1/6 645/1/6 647/1/6
f 646/1/6 641/1/6 648/1/6
f 645/1/6 648/1/6 647/1/6
f 648/1/6 641/1/6 649/1/6
f 647/1/6 648/1/6 649/1/6
f 650/1/6 651/1/6 652/1/6
f 650/1/6 652/1/6 653/1/6
f 652/1/6 651/1/6 654/1/6
f 650/1/6 653/1/6 655/1/6
f 654/1/6 651/1/6 656/1/6
f 650/1/6 655/1/6 657/1/6
f 656/1/6 651/1/6 658/1/6
f 658/1/6 651/1/6 659/1/6
f 658/1/6 659/1/6 660/1/6
f 660/1/6 659/1/6 661/1/6
f 660/1/6 661/1/6 662/1/6
f 662/1/6 661/1/6 663/1/6
f 663/1/6 661/1/6 664/1/6
f 650/1/6 657/1/6 665/1/6
f 663/1/6 664/1/6 665/1/6
f 665/1/6 664/1/6 666/1/6
f 667/1/6 663/1/6 665/1/6
f 657/1/6 668/1/6 665/1/6
f 668/1/6 667/1/6 665/1/6
f 669/1/6 670/1/6 671/1/6
f 671/1/6 670/1/6 672/1/6
f 672/1/6 670/1/6 673/1/6
f 674/40/6 675/40/6 676/40/6
f 676/40/6 675/40/6 677/40/6
f 678/40/6 679/40/6 680/40/6
f 680/40/6 679/40/6 681/40/6
f 682/41/6 683/41/6 684/41/6
f 684/41/6 683/41/6 685/41/6
f 686/42/6 687/42/6 688/42/6
f 688/42/6 687/42/6 689/42/6
f 690/43/6 691/43/6 692/43/6
f 692/43/6 691/43/6 693/43/6
f 694/44/6 695/44/6 696/44/6
f 696/44/6 695/44/6 697/44/6
f 697/44/6 695/44/6 698/44/6
f 699/45/6 700/45/6 701/45/6
f 701/45/6 700/45/6 702/45/6
f 703/46/6 704/46/6 705/46/6
f 705/46/6 704/46/6 706/46/6
f 707/47/6 708/47/6 709/47/6
f 709/47/6 708/47/6 710/47/6
f 711/48/6 712/48/6 713/48/6
f 713/48/6 712/48/6 714/48/6
f 715/48/6 716/48/6 717/48/6
f 717/48/6 716/48/6 718/48/6
f 719/41/6 720/41/6 721/41/6
f 721/41/6 720/41/6 722/41/6
f 723/42/6 724/42/6 725/42/6
f 725/42/6 724/42/6 726/42/6
f 727/43/6 728/43/6 729/43/6
f 729/43/6 728/43/6 730/43/6
f 731/49/6 732/49/6 733/49/6
f 733/49/6 732/49/6 734/49/6
f 735/1/6 736/1/6 737/1/6
f 738/1/6 735/1/6 737/1/6
f 737/1/6 736/1/6 739/1/6
f 740/1/7 741/1/7 742/1/7
f 743/1/7 741/1/7 740/1/7
f 744/24/7 745/24/7 746/24/7
f 747/24/7 745/24/7 744/24/7
f 748/25/7 749/25/7 750/25/7
f 751/25/7 749/25/7 748/25/7
f 752/1/7 753/1/7 754/1/7
f 755/1/7 753/1/7 752/1/7
f 756/1/6 757/1/6 758/1/6
f 758/1/6 757/1/6 759/1/6
f 760/1/6 761/1/6 762/1/6
f 762/1/6 761/1/6 763/1/6
f 760/1/6 762/1/6 764/1/6
f 760/1/6 764/1/6 765/1/6
f 764/1/6 766/1/6 765/1/6
f 765/1/6 766/1/6 767/1/6
f 768/1/6 769/1/6 770/1/6
f 770/1/6 769/1/6 771/1/6
f 772/1/6 773/1/6 774/1/6
f 774/1/6 773/1/6 775/1/6
f 776/7/6 777/7/6 778/7/6
f 778/7/6 777/7/6 779/7/6
f 780/7/6 781/7/6 782/7/6
f 782/7/6 781/7/6 783/7/6
f 784/7/6 785/7/6 786/7/6
f 786/7/6 785/7/6 787/7/6
f 788/44/6 789/44/6 790/44/6
f 790/44/6 789/44/6 791/44/6
f 792/1/6 793/1/6 794/1/6
f 794/1/6 793/1/6 795/1/6
f 796/1/6 797/1/6 798/1/6
f 798/1/6 797/1/6 799/1/6
f 800/49/6 801/49/6 802/49/6
f 802/49/6 801/49/6 803/49/6
f 804/1/6 805/1/6 806/1/6
f 806/1/6 805/1/6 807/1/6
f 808/1/1 809/1/1 810/1/1
f 811/1/1 809/1/1 808/1/1
f 812/50/1 813/50/1 814/50/1
f 815/50/1 813/50/1 812/50/1
f 816/51/1 817/51/2 818/51/1
f 819/51/1 817/51/2 816/51/1
f 820/1/1 821/1/1 822/1/1
f 823/1/1 821/1/1 820/1/1
f 824/1/7 825/1/7 826/1/7
f 827/1/7 825/1/7 824/1/7
f 828/1/7 829/1/7 830/1/7
f 831/1/7 829/1/7 828/1/7
f 832/1/7 829/1/7 831/1/7
f 833/1/7 829/1/7 832/1/7
f 834/1/7 829/1/7 833/1/7
f 835/1/7 829/1/7 834/1/7
f 836/1/7 829/1/7 835/1/7
f 837/1/7 829/1/7 836/1/7
f 838/1/7 829/1/7 837/1/7
f 838/1/7 837/1/7 839/1/7
f 839/1/7 837/1/7 840/1/7
f 839/1/7 840/1/7 841/1/7
f 839/1/7 841/1/7 842/1/7
f 839/1/7 842/1/7 843/1/7
f 844/35/7 845/35/7 846/35/7
f 847/35/7 845/35/7 844/35/7
f 848/52/7 849/52/7 850/52/7
f 851/52/7 849/52/7 848/52/7
f 852/53/7 853/53/7 854/53/7
f 855/53/7 853/53/7 852/53/7
f 856/54/7 857/54/7 858/54/7
f 859/54/7 857/54/7 856/54/7
f 860/53/7 861/53/7 862/53/7
f 863/53/7 861/53/7 860/53/7
f 864/55/7 865/55/7 866/55/7
f 867/55/7 864/55/7 866/55/7
f 868/55/7 864/55/7 867/55/7
f 869/56/7 870/56/7 871/56/7
f 872/56/7 870/56/7 869/56/7
f 873/57/7 874/57/7 875/57/7
f 876/57/7 874/57/7 873/57/7
f 877/57/7 876/57/7 873/57/7
f 878/57/7 876/57/7 877/57/7
f 879/56/7 880/56/7 881/56/7
f 882/56/7 880/56/7 879/56/7
f 883/31/7 884/31/7 885/31/7
f 886/31/7 884/31/7 883/31/7
f 887/53/7 888/53/7 889/53/7
f 890/53/7 888/53/7 887/53/7
f 891/53/7 892/53/7 893/53/7
f 894/53/7 892/53/7 891/53/7
f 895/1/7 896/1/7 897/1/7
f 898/1/7 896/1/7 895/1/7
f 899/1/3 900/1/3 901/1/3
f 901/1/3 900/1/3 902/1/3
f 903/44/3 904/44/3 905/44/3
f 905/44/3 904/44/3 906/44/3
f 907/49/3 908/49/3 909/49/3
f 909/49/3 908/49/3 910/49/3
f 911/1/3 912/1/3 913/1/3
f 913/1/3 912/1/3 914/1/3
f 915/1/6 916/1/6 917/1/6
f 917/1/6 916/1/6 918/1/6
f 917/1/6 918/1/6 919/1/6
f 917/1/6 919/1/6 920/1/6
f 920/1/6 919/1/6 921/1/6
f 921/1/6 919/1/6 922/1/6
f 921/1/6 922/1/6 923/1/6
f 918/1/6 916/1/6 924/1/6
f 922/1/6 925/1/6 923/1/6
f 925/1/6 926/1/6 923/1/6
f 926/1/6 927/1/6 923/1/6
f 927/1/6 928/1/6 923/1/6
f 928/1/6 929/1/6 923/1/6
f 923/1/6 929/1/6 930/1/6
f 929/1/6 916/1/6 930/1/6
f 931/1/6 916/1/6 929/1/6
f 932/1/6 916/1/6 931/1/6
f 933/1/6 916/1/6 932/1/6
f 934/1/6 916/1/6 933/1/6
f 935/1/6 916/1/6 934/1/6
f 936/1/6 916/1/6 935/1/6
f 924/1/6 916/1/6 936/1/6
f 937/49/6 938/49/6 939/49/6
f 939/49/6 938/49/6 940/49/6
f 941/58/6 942/58/6 943/58/6
f 943/58/6 942/58/6 944/58/6
f 945/53/6 946/53/6 947/53/6
f 947/53/6 946/53/6 948/53/6
f 949/59/6 950/59/6 951/59/6
f 951/59/6 950/59/6 952/59/6
f 953/53/6 954/53/6 955/53/6
f 955/53/6 954/53/6 956/53/6
f 957/56/6 958/56/6 959/56/6
f 959/56/6 958/56/6 960/56/6
f 961/60/6 962/60/6 963/60/6
f 961/60/6 963/60/6 964/60/6
f 964/60/6 963/60/6 965/60/6
f 966/61/6 967/61/6 968/61/6
f 968/61/6 967/61/6 969/61/6
f 970/56/6 971/56/6 972/56/6
f 972/56/6 971/56/6 973/56/6
f 974/44/6 975/44/6 976/44/6
f 976/44/6 975/44/6 977/44/6
f 978/53/6 979/53/6 980/53/6
f 980/53/6 979/53/6 981/53/6
f 982/62/6 983/62/6 984/62/6
f 984/62/6 983/62/6 985/62/6
f 986/53/6 987/53/6 988/53/6
f 988/53/6 987/53/6 989/53/6
f 990/1/1 991/1/1 992/1/1
f 993/1/1 990/1/1 992/1/1
f 994/1/2 991/1/1 990/1/1
f 995/1/1 993/1/1 992/1/1
f 996/1/1 991/1/1 994/1/2
f 997/1/2 995/1/1 992/1/1
f 998/1/1 997/1/2 992/1/1
f 999/1/1 998/1/1 992/1/1
f 1000/1/1 999/1/1 992/1/1
f 1001/1/1 999/1/1 1000/1/1
f 1002/1/1 991/1/1 996/1/1
f 1003/1/1 991/1/1 1002/1/1
f 1004/1/1 991/1/1 1003/1/1
f 1005/1/1 991/1/1 1004/1/1
f 1006/1/1 991/1/1 1005/1/1
f 1007/1/1 991/1/1 1006/1/1
f 1008/63/1 1009/63/1 1010/63/1
f 1011/63/1 1009/63/1 1008/63/1
f 1012/64/1 1013/64/1 1014/64/1
f 1015/64/1 1013/64/1 1012/64/1
f 1016/65/1 1017/65/1 1018/65/1
f 1019/65/1 1017/65/1 1016/65/1
f 1020/66/1 1021/66/1 1022/66/1
f 1023/66/1 1021/66/1 1020/66/1
f 1024/67/1 1025/67/1 1026/67/1
f 1027/67/1 1025/67/1 1024/67/1
f 1028/68/1 1029/68/1 1030/68/1
f 1031/68/1 1029/68/1 1028/68/1
f 1032/68/1 1029/68/1 1031/68/1
f 1033/1/7 1034/1/7 1035/1/7
f 1036/1/7 1034/1/7 1033/1/7
f 1037/1/7 1038/1/7 1039/1/7
f 1040/1/7 1038/1/7 1037/1/7
f 1041/50/7 1042/50/7 1043/50/7
f 1044/50/7 1042/50/7 1041/50/7
f 1045/35/7 1046/35/7 1047/35/7
f 1048/35/7 1046/35/7 1045/35/7
f 1049/1/7 1050/1/7 1051/1/7
f 1052/1/7 1050/1/7 1049/1/7
f 1053/31/7 1054/31/7 1055/31/7
f 1056/31/7 1054/31/7 1053/31/7
f 1057/31/7 1054/31/7 1056/31/7
f 1058/51/7 1059/51/7 1060/51/7
f 1061/51/7 1059/51/7 1058/51/7
f 1062/1/7 1063/1/7 1064/1/7
f 1065/1/7 1063/1/7 1062/1/7
f 1066/1/7 1067/1/7 1068/1/7
f 1069/1/7 1067/1/7 1066/1/7
f 1070/1/3 1071/1/3 1072/1/3
f 1072/1/3 1071/1/3 1073/1/3
f 1074/44/3 1075/44/3 1076/44/3
f 1076/44/3 1075/44/3 1077/44/4
f 1078/49/3 1079/49/3 1080/49/3
f 1080/49/3 1079/49/3 1081/49/3
f 1082/1/3 1083/1/3 1084/1/3
f 1084/1/3 1083/1/3 1085/1/3
f 1086/1/7 1087/1/7 1088/1/7
f 1089/1/7 1086/1/7 1088/1/7
f 1090/1/7 1087/1/7 1086/1/7
f 1091/1/7 1089/1/7 1088/1/7
f 1092/1/7 1087/1/7 1090/1/7
f 1093/1/7 1091/1/7 1088/1/7
f 1094/1/7 1087/1/7 1092/1/7
f 1093/1/7 1094/1/7 1091/1/7
f 1095/1/7 1087/1/7 1094/1/7
f 1095/1/7 1094/1/7 1093/1/7
f 1096/1/7 1097/1/7 1098/1/7
f 1099/1/7 1096/1/7 1098/1/7
f 1100/1/7 1097/1/7 1096/1/7
f 1101/1/7 1099/1/7 1098/1/7
f 1102/1/7 1097/1/7 1100/1/7
f 1103/1/7 1101/1/7 1098/1/7
f 1104/1/7 1097/1/7 1102/1/7
f 1103/1/7 1104/1/7 1101/1/7
f 1105/1/7 1097/1/7 1104/1/7
f 1105/1/7 1104/1/7 1103/1/7
f 1106/1/7 1107/1/7 1108/1/7
f 1109/1/7 1107/1/7 1106/1/7
f 1110/1/7 1106/1/7 1108/1/7
f 1111/1/7 1110/1/7 1108/1/7
f 1112/1/7 1111/1/7 1108/1/7
f 1112/1/7 1113/1/7 1111/1/7
f 1114/1/7 1113/1/7 1112/1/7
f 1115/69/7 1116/69/7 1117/69/7
f 1118/69/7 1116/69/7 1115/69/7
f 1119/69/7 1120/69/7 1121/69/7
f 1122/69/7 1120/69/7 1119/69/7
f 1123/70/7 1124/70/7 1125/70/7
f 1126/70/7 1124/70/7 1123/70/7
f 1127/71/7 1128/71/7 1129/71/7
f 1130/71/7 1128/71/7 1127/71/7
f 1131/71/7 1132/71/7 1133/71/7
f 1134/71/7 1132/71/7 1131/71/7
f 1135/34/7 1136/34/7 1137/34/7
f 1138/34/7 1136/34/7 1135/34/7
f 1139/1/3 1140/1/3 1141/1/3
f 1141/1/3 1140/1/3 1142/1/3
f 1143/33/3 1144/33/3 1145/33/3
f 1145/33/3 1144/33/3 1146/33/3
f 1147/1/3 1148/1/3 1149/1/3
f 1149/1/3 1148/1/3 1150/1/3
f 1151/1/6 1152/1/6 1153/1/6
f 1153/1/6 1152/1/6 1154/1/6
f 1154/1/6 1152/1/6 1155/1/6
f 1155/1/6 1152/1/6 1156/1/6
f 1151/1/6 1153/1/6 1157/1/6
f 1151/1/6 1157/1/6 1158/1/6
f 1151/1/6 1158/1/6 1159/1/6
f 1151/1/6 1159/1/6 1160/1/6
f 1159/1/6 1161/1/6 1160/1/6
f 1161/1/6 1162/1/6 1160/1/6
f 1162/1/6 1163/1/6 1160/1/6
f 1160/1/6 1163/1/6 1164/1/6
f 1165/1/7 1166/1/7 1167/1/7
f 1168/1/7 1166/1/7 1165/1/7
f 1169/1/7 1170/1/7 1171/1/7
f 1172/1/7 1170/1/7 1169/1/7
f 1173/1/7 1169/1/7 1171/1/7
f 1174/1/7 1173/1/7 1171/1/7
f 1174/1/7 1175/1/7 1173/1/7
f 1176/1/7 1175/1/7 1174/1/7
f 1177/1/7 1178/1/7 1179/1/7
f 1180/1/7 1178/1/7 1177/1/7
f 1181/1/7 1182/1/7 1183/1/7
f 1184/1/7 1182/1/7 1181/1/7
f 1185/72/7 1186/72/7 1187/72/7
f 1188/72/7 1186/72/7 1185/72/7
f 1189/72/7 1190/72/7 1191/72/7
f 1192/72/7 1190/72/7 1189/72/7
f 1193/72/7 1194/72/7 1195/72/7
f 1196/72/7 1194/72/7 1193/72/7
f 1197/1/7 1198/1/7 1199/1/7
f 1200/1/7 1198/1/7 1197/1/7
f 1201/1/7 1202/1/7 1203/1/7
f 1204/1/7 1202/1/7 1201/1/7
f 1205/1/7 1206/1/7 1207/1/7
f 1208/1/7 1206/1/7 1205/1/7
f 1209/31/7 1210/31/7 1211/31/7
f 1212/31/7 1210/31/7 1209/31/7
f 1213/1/7 1214/1/7 1215/1/7
f 1216/1/7 1214/1/7 1213/1/7
f 1217/1/1 1218/1/1 1219/1/1
f 1220/1/1 1218/1/1 1217/1/1
f 1221/32/1 1222/32/1 1223/32/1
f 1224/32/1 1222/32/1 1221/32/1
f 1225/33/1 1226/33/1 1227/33/1
f 1228/33/1 1226/33/1 1225/33/1
f 1229/1/1 1230/1/1 1231/1/1
f 1232/1/1 1230/1/1 1229/1/1
f 1233/1/1 1234/1/1 1235/1/1
f 1236/1/1 1233/1/1 1235/1/1
f 1237/1/1 1236/1/1 1235/1/1
f 1238/1/1 1234/1/1 1233/1/1
f 1239/1/1 1237/1/1 1235/1/1
f 1240/1/1 1234/1/1 1238/1/1
f 1239/1/1 1241/1/1 1237/1/1
f 1242/1/1 1234/1/1 1240/1/1
f 1239/1/1 1243/1/1 1241/1/1
f 1243/1/1 1234/1/1 1242/1/1
f 1244/1/1 1243/1/1 1239/1/1
f 1244/1/1 1234/1/1 1243/1/1
f 1245/37/1 1246/37/1 1247/37/1
f 1248/37/1 1246/37/1 1245/37/1
f 1249/36/1 1250/36/1 1251/36/1
f 1252/36/1 1250/36/1 1249/36/1
f 1253/39/1 1254/39/1 1255/39/1
f 1256/39/1 1254/39/1 1253/39/1
f 1257/38/1 1258/38/1 1259/38/1
f 1260/38/1 1258/38/1 1257/38/1
f 1261/1/8 1262/1/8 1263/1/8
f 1261/1/8 1263/1/8 1264/1/8
f 1263/1/8 1262/1/8 1265/1/8
f 1261/1/8 1264/1/8 1266/1/8
f 1265/1/8 1262/1/8 1267/1/8
f 1267/1/8 1262/1/8 1268/1/8
f 1266/1/8 1268/1/8 1269/1/9
f 1261/1/8 1266/1/8 1269/1/9
f 1269/1/9 1268/1/8 1270/1/9
f 1268/1/8 1262/1/8 1270/1/9
f 1261/1/8 1269/1/9 1271/1/8
f 1270/1/9 1262/1/8 1272/1/8
f 1261/1/8 1271/1/8 1273/1/9
f 1272/1/8 1262/1/8 1274/1/9
f 1273/1/9 1274/1/9 1275/1/8
f 1261/1/8 1273/1/9 1275/1/8
f 1275/1/8 1274/1/9 1276/1/8
f 1274/1/9 1262/1/8 1276/1/8
f 1261/1/8 1275/1/8 1277/1/9
f 1276/1/8 1262/1/8 1278/1/8
f 1261/1/8 1277/1/9 1279/1/8
f 1278/1/8 1262/1/8 1280/1/8
f 1261/1/8 1279/1/8 1281/1/8
f 1279/1/8 1280/1/8 1281/1/8
f 1261/1/8 1281/1/8 1282/1/9
f 1281/1/8 1280/1/8 1283/1/8
f 1280/1/8 1262/1/8 1283/1/8
f 1261/1/8 1282/1/9 1284/1/8
f 1283/1/8 1262/1/8 1285/1/9
f 1261/1/8 1284/1/8 1286/1/8
f 1285/1/9 1262/1/8 1287/1/8
f 1284/1/8 1287/1/8 1286/1/8
f 1287/1/8 1262/1/8 1288/1/8
f 1286/1/8 1287/1/8 1288/1/8
f 1289/73/8 1290/73/8 1291/73/8
f 1291/73/8 1290/73/8 1292/73/8
f 1293/74/8 1294/74/9 1295/74/9
f 1295/74/9 1294/74/9 1296/74/9
f 1297/73/8 1298/73/9 1299/73/9
f 1299/73/9 1298/73/9 1300/73/9
f 1301/74/8 1302/74/8 1303/74/8
f 1303/74/8 1302/74/8 1304/74/8
f 1305/73/8 1306/73/8 1307/73/8
f 1307/73/8 1306/73/8 1308/73/8
f 1309/74/8 1310/74/9 1311/74/9
f 1311/74/9 1310/74/9 1312/74/9
f 1313/73/8 1314/73/8 1315/73/8
f 1315/73/8 1314/73/8 1316/73/8
f 1317/74/8 1318/74/9 1319/74/9
f 1319/74/9 1318/74/9 1320/74/9
f 1321/1/10 1322/1/10 1323/1/10
f 1324/1/11 1322/1/10 1321/1/10
f 1325/1/11 1321/1/10 1323/1/10
f 1326/1/11 1322/1/10 1324/1/11
f 1327/1/10 1325/1/11 1323/1/10
f 1328/1/10 1322/1/10 1326/1/11
f 1329/1/11 1328/1/10 1327/1/10
f 1329/1/11 1327/1/10 1323/1/10
f 1330/1/11 1328/1/10 1329/1/11
f 1330/1/11 1322/1/10 1328/1/10
f 1331/1/10 1329/1/11 1323/1/10
f 1332/1/10 1322/1/10 1330/1/11
f 1333/1/11 1331/1/10 1323/1/10
f 1334/1/11 1322/1/10 1332/1/10
f 1335/1/10 1334/1/11 1333/1/11
f 1335/1/10 1333/1/11 1323/1/10
f 1336/1/10 1334/1/11 1335/1/10
f 1336/1/10 1322/1/10 1334/1/11
f 1337/1/10 1335/1/10 1323/1/10
f 1338/1/10 1322/1/10 1336/1/10
f 1339/1/10 1337/1/10 1323/1/10
f 1340/1/10 1322/1/10 1338/1/10
f 1341/1/10 1340/1/10 1339/1/10
f 1341/1/10 1339/1/10 1323/1/10
f 1342/1/10 1340/1/10 1341/1/10
f 1342/1/10 1322/1/10 1340/1/10
f 1343/1/11 1341/1/10 1323/1/10
f 1344/1/11 1322/1/10 1342/1/10
f 1345/1/10 1343/1/11 1323/1/10
f 1346/1/10 1322/1/10 1344/1/11
f 1347/1/10 1345/1/10 1323/1/10
f 1347/1/10 1346/1/10 1345/1/10
f 1348/1/10 1322/1/10 1346/1/10
f 1348/1/10 1346/1/10 1347/1/10
f 1349/73/10 1350/73/10 1351/73/10
f 1352/73/10 1350/73/10 1349/73/10
f 1353/74/11 1354/74/11 1355/74/11
f 1356/74/11 1354/74/11 1353/74/11
f 1357/73/11 1358/73/11 1359/73/11
f 1360/73/11 1358/73/11 1357/73/11
f 1361/74/10 1362/74/10 1363/74/10
f 1364/74/10 1362/74/10 1361/74/10
f 1365/73/10 1366/73/10 1367/73/10
f 1368/73/10 1366/73/10 1365/73/10
f 1369/74/11 1370/74/11 1371/74/11
f 1372/74/11 1370/74/11 1369/74/11
f 1373/73/10 1374/73/10 1375/73/10
f 1376/73/10 1374/73/10 1373/73/10
f 1377/74/11 1378/74/11 1379/74/11
f 1380/74/10 1378/74/11 1377/74/11
f 1381/1/3 1382/1/3 1383/1/3
f 1383/1/3 1382/1/3 1384/1/3
f 1385/1/3 1386/1/3 1387/1/3
f 1387/1/3 1386/1/3 1388/1/3
f 1389/1/3 1390/1/3 1391/1/3
f 1391/1/3 1390/1/3 1392/1/3
f 1393/1/6 1394/1/6 1395/1/6
f 1395/1/6 1394/1/6 1396/1/6
f 1396/1/6 1394/1/6 1397/1/6
f 1398/74/6 1399/74/6 1400/74/6
f 1400/74/6 1399/74/6 1401/74/6
f 1402/74/6 1403/74/6 1404/74/6
f 1404/74/6 1403/74/6 1405/74/6
f 1406/74/6 1407/74/6 1408/74/6
f 1408/74/6 1407/74/6 1409/74/6
f 1410/20/6 1411/20/6 1412/20/6
f 1410/20/6 1412/20/6 1413/20/6
f 1410/20/6 1413/20/6 1414/20/6
f 1414/20/6 1413/20/6 1415/20/6
f 1416/5/6 1417/5/6 1418/5/6
f 1418/5/6 1417/5/6 1419/5/6
f 1420/5/6 1421/5/6 1422/5/6
f 1422/5/6 1421/5/6 1423/5/6
f 1424/5/6 1425/5/6 1426/5/6
f 1426/5/6 1425/5/6 1427/5/6
f 1428/74/6 1429/74/6 1430/74/6
f 1430/74/6 1429/74/6 1431/74/6
f 1432/74/6 1433/74/6 1434/74/6
f 1434/74/6 1433/74/6 1435/74/6
f 1436/74/6 1437/74/6 1438/74/6
f 1438/74/6 1437/74/6 1439/74/6
f 1440/1/6 1441/1/6 1442/1/6
f 1441/1/6 1443/1/6 1442/1/6
f 1442/1/6 1443/1/6 1444/1/6
f 1445/1/1 1446/1/1 1447/1/1
f 1448/1/1 1445/1/1 1447/1/1
f 1449/1/1 1448/1/1 1447/1/1
f 1450/1/1 1448/1/1 1449/1/1
f 1451/1/1 1452/1/1 1453/1/1
f 1454/1/1 1452/1/1 1451/1/1
f 1455/1/1 1452/1/1 1454/1/1
f 1456/1/1 1452/1/1 1455/1/1
f 1457/1/1 1458/1/1 1459/1/1
f 1460/1/1 1458/1/1 1457/1/1
f 1461/75/1 1462/75/1 1463/75/1
f 1464/75/1 1462/75/1 1461/75/1
f 1465/1/1 1466/1/1 1467/1/1
f 1468/1/1 1466/1/1 1465/1/1
f 1469/1/7 1470/1/7 1471/1/7
f 1472/1/7 1470/1/7 1469/1/7
f 1473/1/7 1474/1/7 1475/1/7
f 1476/1/7 1474/1/7 1473/1/7
f 1477/35/7 1478/35/7 1479/35/7
f 1480/35/7 1478/35/7 1477/35/7
f 1481/35/7 1478/35/7 1480/35/7
f 1482/35/7 1478/35/7 1481/35/7
f 1483/31/7 1484/31/7 1485/31/7
f 1486/31/7 1483/31/7 1485/31/7
f 1486/31/7 1487/31/7 1483/31/7
f 1488/31/7 1487/31/7 1486/31/7
f 1488/31/7 1489/31/7 1487/31/7
f 1487/31/7 1489/31/7 1490/31/7
f 1491/31/7 1492/31/7 1493/31/7
f 1494/31/7 1492/31/7 1491/31/7
f 1495/1/7 1496/1/7 1497/1/7
f 1498/1/7 1496/1/7 1495/1/7
f 1499/1/7 1500/1/7 1501/1/7
f 1502/1/7 1500/1/7 1499/1/7
f 1503/1/8 1504/1/8 1505/1/8
f 1503/1/8 1505/1/8 1506/1/8
f 1503/1/8 1506/1/8 1507/1/8
f 1505/1/8 1504/1/8 1508/1/8
f 1503/1/8 1507/1/8 1509/1/8
f 1507/1/8 1510/1/8 1509/1/8
f 1510/1/8 1511/1/9 1509/1/8
f 1509/1/8 1511/1/9 1512/1/9
f 1511/1/9 1504/1/8 1512/1/9
f 1513/1/8 1504/1/8 1511/1/9
f 1514/1/9 1504/1/8 1513/1/8
f 1515/1/8 1504/1/8 1514/1/9
f 1508/1/8 1504/1/8 1515/1/8
f 1516/2/8 1517/2/8 1518/2/8
f 1518/2/8 1517/2/8 1519/2/8
f 1520/4/8 1521/4/8 1522/4/8
f 1522/4/8 1521/4/8 1523/4/8
f 1522/4/8 1523/4/8 1524/4/8
f 1523/4/8 1525/4/8 1524/4/8
f 1524/4/8 1525/4/8 1526/4/8
f 1527/6/8 1528/6/8 1529/6/8
f 1529/6/8 1528/6/8 1530/6/8
f 1531/3/8 1532/3/8 1533/3/8
f 1533/3/8 1532/3/8 1534/3/8
f 1535/1/8 1536/1/8 1537/1/8
f 1535/1/8 1537/1/8 1538/1/8
f 1537/1/8 1536/1/8 1539/1/8
f 1535/1/8 1538/1/8 1540/1/8
f 1539/1/8 1536/1/8 1541/1/8
f 1541/1/8 1536/1/8 1542/1/8
f 1538/1/8 1543/1/8 1540/1/8
f 1543/1/8 1544/1/8 1540/1/8
f 1544/1/8 1545/1/9 1540/1/8
f 1542/1/8 1536/1/8 1546/1/9
f 1545/1/9 1547/1/8 1540/1/8
f 1547/1/8 1548/1/9 1540/1/8
f 1548/1/9 1549/1/8 1540/1/8
f 1549/1/8 1550/1/8 1540/1/8
f 1540/1/8 1550/1/8 1551/1/8
f 1550/1/8 1536/1/8 1551/1/8
f 1552/1/8 1536/1/8 1550/1/8
f 1553/1/8 1536/1/8 1552/1/8
f 1554/1/8 1536/1/8 1553/1/8
f 1546/1/9 1536/1/8 1554/1/8
f 1555/76/8 1556/76/9 1557/76/9
f 1557/76/9 1556/76/9 1558/76/8
f 1559/77/8 1560/77/9 1561/77/9
f 1561/77/9 1560/77/9 1562/77/8
f 1563/78/8 1564/78/9 1565/78/8
f 1565/78/8 1564/78/9 1566/78/8
f 1567/79/9 1568/79/9 1569/79/9
f 1569/79/9 1568/79/9 1570/79/9
f 1571/80/8 1572/80/9 1573/80/9
f 1573/80/9 1572/80/9 1574/80/8
f 1575/22/8 1576/22/9 1577/22/9
f 1577/22/9 1576/22/9 1578/22/8
f 1579/69/8 1580/69/9 1581/69/9
f 1581/69/9 1580/69/9 1582/69/8
f 1583/1/8 1584/1/8 1585/1/8
f 1583/1/8 1585/1/8 1586/1/8
f 1585/1/8 1584/1/8 1587/1/8
f 1583/1/8 1586/1/8 1588/1/8
f 1587/1/8 1584/1/8 1589/1/8
f 1589/1/8 1584/1/8 1590/1/9
f 1586/1/8 1591/1/8 1588/1/8
f 1591/1/8 1592/1/8 1588/1/8
f 1592/1/8 1593/1/9 1588/1/8
f 1590/1/9 1584/1/8 1594/1/8
f 1593/1/9 1595/1/9 1588/1/8
f 1595/1/9 1596/1/8 1588/1/8
f 1596/1/8 1597/1/8 1588/1/8
f 1597/1/8 1598/1/8 1588/1/8
f 1588/1/8 1598/1/8 1599/1/8
f 1598/1/8 1584/1/8 1599/1/8
f 1600/1/8 1584/1/8 1598/1/8
f 1601/1/9 1584/1/8 1600/1/8
f 1602/1/8 1584/1/8 1601/1/9
f 1594/1/8 1584/1/8 1602/1/8
f 1603/76/8 1604/76/8 1605/76/8
f 1605/76/8 1604/76/8 1606/76/8
f 1607/77/8 1608/77/8 1609/77/8
f 1609/77/8 1608/77/8 1610/77/8
f 1611/78/8 1612/78/8 1613/78/8
f 1613/78/8 1612/78/8 1614/78/8
f 1615/79/8 1616/79/8 1617/79/8
f 1617/79/8 1616/79/8 1618/79/8
f 1619/80/8 1620/80/8 1621/80/8
f 1621/80/8 1620/80/8 1622/80/8
f 1623/22/8 1624/22/8 1625/22/8
f 1625/22/8 1624/22/8 1626/22/8
f 1627/69/8 1628/69/8 1629/69/8
f 1629/69/8 1628/69/8 1630/69/8
f 1631/1/8 1632/1/8 1633/1/8
f 1631/1/8 1633/1/8 1634/1/8
f 1633/1/8 1632/1/8 1635/1/8
f 1634/1/8 1633/1/8 1636/1/8
f 1635/1/8 1632/1/8 1637/1/9
f 1634/1/8 1636/1/8 1638/1/9
f 1639/1/9 1634/1/8 1638/1/9
f 1638/1/9 1636/1/8 1640/1/8
f 1640/1/8 1636/1/8 1641/1/8
f 1638/1/9 1640/1/8 1642/1/9
f 1643/1/8 1638/1/9 1642/1/9
f 1642/1/9 1640/1/8 1644/1/8
f 1643/1/8 1642/1/9 1645/1/8
f 1644/1/8 1640/1/8 1646/1/8
f 1643/1/8 1645/1/8 1647/1/9
f 1643/1/8 1647/1/9 1648/1/8
f 1643/1/8 1648/1/8 1649/1/8
f 1646/1/8 1640/1/8 1650/1/8
f 1643/1/8 1649/1/8 1651/1/8
f 1650/1/8 1640/1/8 1652/1/8
f 1652/1/8 1640/1/8 1653/1/8
f 1653/1/8 1640/1/8 1654/1/9
f 1654/1/9 1640/1/8 1655/1/8
f 1655/1/8 1640/1/8 1656/1/8
f 1655/1/8 1656/1/8 1657/1/8
f 1655/1/8 1657/1/8 1658/1/8
f 1658/1/8 1657/1/8 1659/1/8
f 1658/1/8 1659/1/8 1660/1/9
f 1660/1/9 1659/1/8 1661/1/8
f 1660/1/9 1661/1/8 1651/1/8
f 1662/1/8 1660/1/9 1651/1/8
f 1661/1/8 1663/1/8 1651/1/8
f 1664/1/8 1662/1/8 1651/1/8
f 1665/1/8 1664/1/8 1651/1/8
f 1666/1/9 1665/1/8 1651/1/8
f 1667/1/8 1666/1/9 1651/1/8
f 1649/1/8 1667/1/8 1651/1/8
f 1663/1/8 1668/1/9 1651/1/8
f 1651/1/8 1668/1/9 1669/1/9
f 1669/1/9 1668/1/9 1670/1/8
f 1670/1/8 1668/1/9 1671/1/8
f 1672/1/8 1670/1/8 1673/1/9
f 1673/1/9 1670/1/8 1674/1/9
f 1674/1/9 1670/1/8 1675/1/8
f 1673/1/9 1674/1/9 1676/1/9
f 1677/1/9 1673/1/9 1676/1/9
f 1676/1/9 1674/1/9 1678/1/9
f 1678/1/9 1674/1/9 1679/1/8
f 1680/1/8 1676/1/8 1681/1/8
f 1682/1/8 1676/1/8 1680/1/8
f 1683/1/8 1676/1/8 1682/1/8
f 1684/1/8 1682/1/8 1685/1/8
f 1685/1/8 1682/1/8 1686/1/8
f 1687/1/8 1685/1/8 1688/1/8
f 1687/1/8 1688/1/8 1689/1/9
f 1687/1/8 1689/1/9 1690/1/8
f 1690/1/8 1689/1/9 1691/1/8
f 1691/1/8 1692/1/8 1693/1/8
f 1691/1/8 1693/1/8 1694/1/8
f 1694/1/8 1693/1/8 1695/1/8
f 1695/1/9 1696/1/8 1697/1/8
f 1695/1/9 1697/1/8 1698/1/8
f 1698/1/8 1697/1/8 1699/1/8
f 1699/1/8 1700/1/8 1701/1/8
f 1699/1/8 1701/1/8 1702/1/8
f 1699/1/8 1702/1/8 1703/1/9
f 1703/1/9 1702/1/8 1704/1/9
f 1704/1/8 1705/1/8 1706/1/8
f 1704/1/8 1706/1/8 1707/1/9
f 1704/1/8 1708/1/8 1705/1/8
f 1704/1/8 1707/1/9 1709/1/8
f 1704/1/8 1710/1/8 1708/1/8
f 1707/1/9 1711/1/8 1709/1/8
f 1711/1/8 1712/1/8 1709/1/8
f 1709/1/8 1712/1/8 1713/1/8
f 1710/1/8 1714/1/8 1708/1/8
f 1715/1/8 1716/1/8 1714/1/8
f 1716/1/8 1717/1/8 1714/1/8
f 1717/1/8 1718/1/8 1714/1/8
f 1718/1/8 1719/1/8 1714/1/8
f 1719/1/8 1720/1/8 1714/1/8
f 1714/1/8 1721/1/9 1708/1/8
f 1714/1/8 1720/1/8 1721/1/9
f 1708/1/8 1721/1/9 1722/1/8
f 1722/1/8 1721/1/9 1723/1/8
f 1721/1/9 1720/1/8 1724/1/8
f 1724/1/8 1720/1/8 1725/1/8
f 1725/1/8 1720/1/8 1726/1/8
f 1726/1/8 1720/1/8 1727/1/8
f 1727/1/8 1720/1/8 1728/1/8
f 1728/1/8 1720/1/8 1729/1/8
f 1729/1/8 1720/1/8 1730/1/8
f 1730/1/8 1720/1/8 1731/1/8
f 1730/1/8 1731/1/8 1732/1/8
f 1731/1/8 1733/1/8 1732/1/8
f 1732/1/8 1733/1/8 1734/1/8
f 1734/1/8 1733/1/8 1735/1/8
f 1733/1/8 1736/1/8 1735/1/8
f 1737/1/8 1736/1/8 1733/1/8
f 1735/1/8 1736/1/8 1738/1/8
f 1739/1/8 1736/1/8 1737/1/8
f 1738/1/8 1736/1/8 1740/1/8
f 1741/1/8 1736/1/8 1739/1/8
f 1742/1/8 1736/1/8 1741/1/8
f 1740/1/8 1736/1/8 1743/1/9
f 1743/1/9 1736/1/8 1744/1/8
f 1745/1/9 1743/1/9 1744/1/8
f 1746/1/9 1743/1/9 1745/1/9
f 1747/1/8 1746/1/9 1745/1/9
f 1736/1/9 1748/1/8 1749/1/8
f 1750/1/8 1748/1/8 1736/1/9
f 1750/1/8 1751/1/8 1748/1/8
f 1752/1/8 1751/1/8 1750/1/8
f 1751/1/8 1753/1/8 1748/1/8
f 1748/1/8 1753/1/8 1754/1/8
f 1755/1/8 1753/1/8 1751/1/8
f 1755/1/8 1756/1/8 1753/1/8
f 1757/1/8 1756/1/8 1755/1/8
f 1756/1/8 1758/1/8 1753/1/8
f 1753/1/8 1758/1/8 1759/1/8
f 1760/1/8 1758/1/8 1756/1/8
f 1761/1/8 1758/1/8 1760/1/8
f 1762/1/9 1758/1/8 1761/1/8
f 1763/1/8 1758/1/8 1762/1/9
f 1764/1/9 1758/1/8 1763/1/8
f 1765/1/8 1758/1/8 1764/1/9
f 1766/1/8 1758/1/8 1765/1/8
f 1767/1/8 1766/1/8 1765/1/8
f 1767/1/8 1632/1/8 1766/1/8
f 1768/1/9 1632/1/8 1767/1/8
f 1769/1/8 1632/1/8 1768/1/9
f 1770/1/9 1632/1/8 1769/1/8
f 1771/1/9 1632/1/8 1770/1/9
f 1772/1/9 1632/1/8 1771/1/9
f 1773/1/8 1632/1/8 1772/1/9
f 1774/1/9 1632/1/8 1773/1/8
f 1775/1/8 1632/1/8 1774/1/9
f 1775/1/8 1774/1/9 1776/1/8
f 1777/1/9 1632/1/8 1775/1/8
f 1776/1/8 1774/1/9 1778/1/8
f 1637/1/9 1632/1/8 1777/1/9
f 1776/1/8 1778/1/8 1779/1/8
f 1637/1/9 1777/1/9 1780/1/8
f 1779/1/8 1778/1/8 1781/1/8
f 1780/1/8 1777/1/9 1782/1/8
f 1779/1/8 1781/1/8 1783/1/8
f 1780/1/8 1782/1/8 1784/1/8
f 1783/1/8 1781/1/8 1785/1/8
f 1783/1/8 1785/1/8 1786/1/9
f 1786/1/9 1785/1/8 1787/1/8
f 1784/1/8 1782/1/8 1788/1/8
f 1784/1/8 1788/1/8 1789/1/8
f 1789/1/8 1788/1/8 1790/1/8
f 1789/1/8 1790/1/8 1791/1/9
f 1791/1/9 1790/1/8 1792/1/8
f 1793/81/8 1794/81/8 1795/81/8
f 1795/81/8 1794/81/8 1796/81/8
f 1797/82/8 1798/82/8 1799/82/8
f 1799/82/8 1798/82/8 1800/82/8
f 1801/41/8 1802/41/8 1803/41/8
f 1803/41/8 1802/41/8 1804/41/8
f 1805/41/8 1806/41/8 1807/41/8
f 1807/41/8 1806/41/8 1808/41/8
f 1809/45/8 1810/45/8 1811/45/8
f 1811/45/8 1810/45/8 1812/45/8
f 1813/82/8 1814/82/8 1815/82/8
f 1815/82/8 1814/82/8 1816/82/8
f 1817/83/9 1818/83/9 1819/83/9
f 1819/83/9 1818/83/9 1820/83/8
f 1821/84/8 1822/84/9 1823/84/9
f 1823/84/9 1822/84/9 1824/84/9
f 1824/84/9 1822/84/9 1825/84/8
f 1826/85/9 1827/85/9 1828/85/9
f 1828/85/9 1827/85/9 1829/85/8
f 1830/42/8 1831/42/9 1832/42/9
f 1832/42/9 1831/42/9 1833/42/9
f 1834/46/9 1835/46/9 1836/46/9
f 1835/46/9 1837/46/9 1836/46/9
f 1836/46/9 1837/46/9 1838/46/9
f 1838/46/9 1837/46/9 1839/46/8
f 1840/57/8 1841/57/8 1842/57/8
f 1842/57/8 1841/57/8 1843/57/8
f 1844/86/8 1845/86/8 1846/86/9
f 1844/86/8 1846/86/9 1847/86/9
f 1846/86/9 1848/86/9 1847/86/9
f 1847/86/9 1848/86/9 1849/86/8
f 1850/87/8 1851/87/8 1852/87/8
f 1852/87/8 1851/87/8 1853/87/8
f 1854/54/8 1855/54/8 1856/54/8
f 1856/54/8 1855/54/8 1857/54/8
f 1858/88/8 1859/88/8 1860/88/8
f 1860/88/8 1859/88/8 1861/88/8
f 1861/88/8 1859/88/8 1862/88/8
f 1862/88/8 1859/88/8 1863/88/8
f 1861/88/8 1862/88/8 1864/88/9
f 1864/88/9 1862/88/8 1865/88/9
f 1866/88/8 1864/88/8 1867/88/8
f 1868/88/8 1864/88/8 1866/88/8
f 1865/88/8 1869/88/8 1870/88/8
f 1870/88/8 1869/88/8 1871/88/8
f 1872/43/8 1873/43/8 1874/43/8
f 1874/43/8 1873/43/8 1875/43/8
f 1876/47/8 1877/47/8 1878/47/8
f 1878/47/8 1877/47/8 1879/47/8
f 1880/59/8 1881/59/8 1882/59/8
f 1882/59/8 1881/59/8 1883/59/8
f 1884/63/9 1885/63/9 1886/63/9
f 1886/63/9 1885/63/9 1887/63/8
f 1888/64/9 1889/64/9 1890/64/9
f 1890/64/9 1889/64/9 1891/64/8
f 1892/65/9 1893/65/9 1894/65/9
f 1894/65/9 1893/65/9 1895/65/8
f 1896/66/8 1897/66/9 1898/66/9
f 1898/66/9 1897/66/9 1899/66/8
f 1900/67/9 1901/67/9 1902/67/9
f 1902/67/9 1901/67/9 1903/67/8
f 1904/68/9 1905/68/9 1906/68/9
f 1906/68/9 1905/68/9 1907/68/8
f 1908/89/9 1909/89/9 1910/89/9
f 1910/89/9 1909/89/9 1911/89/8
f 1912/90/9 1913/90/9 1914/90/9
f 1914/90/9 1913/90/9 1915/90/8
f 1916/91/9 1917/91/9 1918/91/9
f 1918/91/9 1917/91/9 1919/91/8
f 1920/92/9 1921/92/9 1922/92/9
f 1922/92/9 1921/92/9 1923/92/8
f 1924/93/8 1925/93/9 1926/93/9
f 1926/93/9 1925/93/9 1927/93/9
f 1928/94/9 1929/94/9 1930/94/9
f 1930/94/9 1929/94/9 1931/94/8
f 1932/95/9 1933/95/9 1934/95/9
f 1934/95/9 1933/95/9 1935/95/8
f 1936/96/8 1937/96/8 1938/96/8
f 1938/96/8 1937/96/8 1939/96/8
f 1940/97/8 1941/97/8 1942/97/8
f 1942/97/8 1941/97/8 1943/97/8
f 1944/1/8 1945/1/8 1946/1/8
f 1946/1/8 1945/1/8 1947/1/8
f 1948/1/9 1946/1/9 1949/1/8
f 1950/1/9 1946/1/9 1948/1/9
f 1947/1/8 1951/1/9 1952/1/9
f 1952/1/9 1951/1/9 1953/1/8
f 1954/98/8 1955/98/8 1956/98/8
f 1956/98/8 1955/98/8 1957/98/8
f 1958/99/8 1959/99/8 1960/99/8
f 1960/99/8 1959/99/8 1961/99/8
f 1962/100/8 1963/100/8 1964/100/9
f 1964/100/9 1963/100/8 1965/100/9
f 1965/100/9 1963/100/8 1966/100/8
f 1967/101/8 1968/101/8 1969/101/8
f 1969/101/8 1968/101/8 1970/101/8
f 1971/102/8 1972/102/8 1973/102/8
f 1974/102/8 1971/102/8 1973/102/8
f 1975/102/8 1974/102/8 1973/102/8
f 1973/102/8 1972/102/8 1976/102/8
f 1976/102/8 1972/102/8 1977/102/8
f 1973/102/8 1976/102/8 1978/102/8
f 1978/102/8 1976/102/8 1979/102/8
f 1979/102/8 1976/102/8 1980/102/8
f 1978/102/8 1979/102/8 1981/102/8
f 1981/102/8 1979/102/8 1982/102/8
f 1983/103/8 1984/103/8 1985/103/8
f 1985/103/8 1984/103/8 1986/103/8
f 1987/104/8 1988/104/8 1989/104/8
f 1989/104/8 1988/104/8 1990/104/8
f 1989/104/8 1990/104/8 1991/104/8
f 1989/104/8 1991/104/8 1992/104/8
f 1992/104/8 1991/104/8 1993/104/8
f 1994/105/8 1995/105/8 1996/105/8
f 1996/105/8 1995/105/8 1997/105/8
f 1998/106/8 1999/106/8 2000/106/8
f 2001/106/8 1998/106/8 2000/106/8
f 2000/106/8 1999/106/8 2002/106/8
f 2002/106/8 1999/106/8 2003/106/8
f 2004/1/8 2005/1/8 2006/1/8
f 2004/1/8 2006/1/8 2007/1/8
f 2006/1/8 2005/1/8 2008/1/8
f 2004/1/8 2007/1/8 2009/1/8
f 2004/1/8 2009/1/8 2010/1/8
f 2004/1/8 2010/1/8 2011/1/8
f 2004/1/8 2011/1/8 2012/1/8
f 2004/1/8 2012/1/8 2013/1/8
f 2012/1/8 2014/1/8 2013/1/8
f 2014/1/8 2015/1/8 2013/1/8
f 2013/1/8 2015/1/8 2016/1/8
f 2015/1/8 2005/1/8 2016/1/8
f 2017/1/8 2005/1/8 2015/1/8
f 2018/1/8 2005/1/8 2017/1/8
f 2019/1/8 2005/1/8 2018/1/8
f 2020/1/8 2005/1/8 2019/1/8
f 2021/1/9 2005/1/8 2020/1/8
f 2008/1/8 2005/1/8 2021/1/9
f 2022/107/9 2023/107/9 2024/107/9
f 2024/107/9 2023/107/9 2025/107/8
f 2025/107/8 2026/107/8 2027/107/8
f 2027/107/8 2026/107/8 2028/107/8
f 2029/108/9 2030/108/9 2031/108/9
f 2031/108/9 2030/108/9 2032/108/8
f 2033/109/9 2034/109/9 2035/109/9
f 2035/109/9 2034/109/9 2036/109/8
f 2037/85/9 2038/85/9 2039/85/9
f 2039/85/9 2038/85/9 2040/85/8
f 2041/110/9 2042/110/9 2043/110/9
f 2043/110/9 2042/110/9 2044/110/8
f 2043/110/9 2044/110/8 2045/110/8
f 2045/110/8 2044/110/8 2046/110/9
f 2045/110/8 2046/110/9 2047/110/8
f 2048/110/8 2045/110/8 2047/110/8
f 2048/110/8 2047/110/8 2049/110/9
f 2046/110/9 2050/110/8 2047/110/8
f 2049/110/9 2047/110/8 2051/110/8
f 2047/110/8 2050/110/8 2052/110/8
f 2051/110/8 2047/110/8 2053/110/8
f 2052/110/8 2050/110/8 2054/110/8
f 2051/110/8 2053/110/8 2055/110/8
f 2052/110/8 2054/110/8 2056/110/9
f 2054/110/8 2057/110/8 2056/110/9
f 2057/110/8 2058/110/8 2056/110/9
f 2053/110/8 2059/110/8 2055/110/8
f 2058/110/8 2060/110/9 2056/110/9
f 2056/110/9 2060/110/9 2061/110/8
f 2061/110/8 2060/110/9 2062/110/9
f 2062/110/9 2060/110/9 2063/110/8
f 2063/110/8 2060/110/9 2064/110/8
f 2064/110/8 2060/110/9 2065/110/8
f 2066/110/8 2063/110/8 2064/110/8
f 2067/110/8 2063/110/8 2066/110/8
f 2068/110/8 2063/110/8 2067/110/8
f 2069/110/9 2068/110/8 2067/110/8
f 2069/110/9 2070/110/8 2068/110/8
f 2071/110/8 2070/110/8 2059/110/8
f 2072/110/8 2070/110/8 2069/110/9
f 2059/110/8 2070/110/8 2072/110/8
f 2059/110/8 2072/110/8 2055/110/8
f 2055/110/8 2072/110/8 2073/110/8
f 2073/110/8 2072/110/8 2074/110/8
f 2074/110/8 2072/110/8 2075/110/8
f 2076/111/8 2077/111/9 2078/111/9
f 2078/111/9 2077/111/9 2079/111/9
f 2080/112/9 2081/112/8 2082/112/8
f 2080/112/9 2082/112/8 2083/112/8
f 2083/112/8 2082/112/8 2084/112/8
f 2085/47/9 2086/47/9 2087/47/9
f 2087/47/9 2086/47/9 2088/47/8
f 2089/59/8 2090/59/9 2091/59/9
f 2091/59/9 2090/59/9 2092/59/8
f 2093/113/8 2094/113/8 2095/113/8
f 2095/113/8 2094/113/8 2096/113/8
f 2097/96/8 2098/96/8 2099/96/8
f 2099/96/8 2098/96/8 2100/96/8
f 2101/114/8 2102/114/8 2103/114/8
f 2103/114/8 2102/114/8 2104/114/8
f 2105/115/8 2106/115/8 2107/115/8
f 2107/115/8 2106/115/8 2108/115/8
f 2109/116/8 2110/116/8 2111/116/8
f 2111/116/8 2110/116/8 2112/116/8
f 2113/117/8 2114/117/8 2115/117/8
f 2115/117/8 2114/117/8 2116/117/8
f 2117/118/8 2118/118/8 2119/118/8
f 2119/118/8 2118/118/8 2120/118/8
f 2120/118/8 2118/118/8 2121/118/8
f 2121/118/8 2118/118/8 2122/118/9
f 2122/118/9 2118/118/8 2123/118/8
f 2123/118/8 2118/118/8 2124/118/8
f 2125/118/8 2121/118/8 2122/118/9
f 2126/118/8 2121/118/8 2125/118/8
f 2127/118/8 2126/118/8 2125/118/8
f 2128/119/8 2129/119/8 2130/119/8
f 2130/119/8 2129/119/8 2131/119/8
f 2132/120/8 2133/120/8 2134/120/8
f 2132/120/8 2134/120/8 2135/120/8
f 2132/120/8 2135/120/8 2136/120/8
f 2132/120/8 2136/120/8 2137/120/8
f 2137/120/8 2136/120/8 2138/120/8
f 2139/121/8 2140/121/8 2141/121/8
f 2141/121/8 2140/121/8 2142/121/8
f 2143/45/8 2144/45/8 2145/45/8
f 2145/45/8 2144/45/8 2146/45/8
f 2147/46/8 2148/46/8 2149/46/8
f 2149/46/8 2148/46/8 2150/46/8
f 2151/122/8 2152/122/9 2153/122/9
f 2153/122/9 2152/122/9 2154/122/9
f 2155/123/9 2156/123/9 2157/123/8
f 2155/123/9 2157/123/8 2158/123/8
f 2158/123/8 2157/123/8 2159/123/8
f 2160/124/8 2161/124/8 2162/124/8
f 2162/124/8 2161/124/8 2163/124/8
f 2164/111/8 2165/111/8 2166/111/8
f 2166/111/8 2165/111/8 2167/111/8
f 2168/125/9 2169/125/9 2170/125/8
f 2168/125/9 2170/125/8 2171/125/8
f 2171/125/8 2170/125/8 2172/125/8
f 2173/121/8 2174/121/9 2175/121/9
f 2175/121/9 2174/121/9 2176/121/9
f 2177/126/8 2178/126/8 2179/126/8
f 2179/126/8 2178/126/8 2180/126/8
f 2181/127/9 2182/127/9 2183/127/9
f 2183/127/9 2182/127/9 2184/127/8
f 2185/123/9 2186/123/9 2187/123/8
f 2185/123/9 2187/123/8 2188/123/8
f 2188/123/8 2187/123/8 2189/123/8
f 2190/123/8 2188/123/8 2191/123/8
f 2190/123/8 2191/123/8 2192/123/8
f 2192/123/8 2191/123/8 2193/123/8
f 2194/123/9 2192/123/9 2195/123/9
f 2196/123/8 2192/123/9 2194/123/9
f 2197/123/9 2192/123/9 2196/123/8
f 2198/102/8 2199/102/8 2200/102/9
f 2200/102/9 2199/102/8 2201/102/8
f 2201/102/8 2199/102/8 2202/102/8
f 2202/102/8 2199/102/8 2203/102/8
f 2204/102/9 2200/102/9 2201/102/8
f 2205/102/9 2200/102/9 2204/102/9
f 2206/102/8 2204/102/8 2207/102/8
f 2207/102/8 2204/102/8 2208/102/8
f 2209/102/8 2207/102/8 2210/102/8
f 2211/102/8 2207/102/8 2209/102/8
f 2212/128/8 2213/128/8 2214/128/8
f 2214/128/8 2213/128/8 2215/128/8
f 2216/32/8 2217/32/8 2218/32/8
f 2218/32/8 2217/32/8 2219/32/8
f 2220/129/8 2221/129/9 2222/129/9
f 2222/129/9 2221/129/9 2223/129/8
f 2224/45/9 2225/45/9 2226/45/9
f 2226/45/9 2225/45/9 2227/45/8
f 2228/46/8 2229/46/9 2230/46/9
f 2230/46/9 2229/46/9 2231/46/8
f 2232/130/8 2233/130/8 2234/130/8
f 2234/130/8 2233/130/8 2235/130/8
f 2236/131/8 2237/131/8 2238/131/8
f 2238/131/8 2237/131/8 2239/131/8
f 2239/131/8 2237/131/8 2240/131/8
f 2241/47/8 2242/47/8 2243/47/8
f 2243/47/8 2242/47/8 2244/47/8
f 2245/59/8 2246/59/8 2247/59/8
f 2247/59/8 2246/59/8 2248/59/8
f 2249/102/8 2250/102/8 2251/102/8
f 2251/102/8 2250/102/8 2252/102/8
f 2253/132/8 2254/132/8 2255/132/8
f 2255/132/8 2254/132/8 2256/132/8
f 2257/92/8 2258/92/8 2259/92/8
f 2259/92/8 2258/92/8 2260/92/8
f 2261/133/8 2262/133/8 2263/133/8
f 2263/133/8 2262/133/8 2264/133/8
f 2265/118/9 2266/118/8 2267/118/9
f 2265/118/9 2267/118/9 2268/118/9
f 2268/118/9 2267/118/9 2269/118/8
f 2270/134/8 2271/134/9 2272/134/9
f 2272/134/9 2271/134/9 2273/134/8
f 2274/135/8 2275/135/9 2276/135/9
f 2276/135/9 2275/135/9 2277/135/8
f 2278/136/8 2279/136/9 2280/136/9
f 2280/136/9 2279/136/9 2281/136/8
f 2282/136/9 2280/136/9 2283/136/9
f 2284/136/9 2280/136/9 2282/136/9
f 2285/136/8 2280/136/9 2284/136/9
f 2286/136/8 2280/136/9 2285/136/8
f 2287/136/8 2286/136/8 2285/136/8
f 2288/1/8 2289/1/9 2290/1/9
f 2289/1/9 2291/1/8 2290/1/9
f 2291/1/8 2292/1/9 2290/1/9
f 2290/1/9 2292/1/9 2293/1/8
f 2293/1/8 2292/1/9 2294/1/9
f 2293/1/8 2294/1/9 2295/1/8
f 2296/1/9 2290/1/9 2297/1/9
f 2297/1/9 2290/1/9 2298/1/9
f 2297/1/9 2298/1/9 2299/1/9
f 2298/1/9 2300/1/8 2299/1/9
f 2301/1/8 2295/1/8 2300/1/8
f 2295/1/8 2294/1/9 2302/1/8
f 2300/1/8 2295/1/8 2302/1/8
f 2300/1/8 2302/1/8 2299/1/9
f 2302/1/8 2294/1/9 2303/1/8
f 2299/1/9 2302/1/8 2304/1/8
f 2304/1/8 2302/1/8 2305/1/9
f 2306/137/8 2307/137/9 2308/137/9
f 2308/137/9 2307/137/9 2309/137/8
f 2310/120/8 2311/120/9 2312/120/8
f 2312/120/8 2311/120/9 2313/120/8
f 2313/120/8 2311/120/9 2314/120/9
f 2313/120/8 2314/120/9 2315/120/8
f 2314/120/9 2316/120/8 2315/120/8
f 2315/120/8 2316/120/8 2317/120/8
f 2317/120/8 2316/120/8 2318/120/8
f 2317/120/8 2318/120/8 2319/120/8
f 2318/120/8 2320/120/8 2319/120/8
f 2319/120/8 2320/120/8 2321/120/8
f 2319/120/8 2321/120/8 2322/120/9
f 2322/120/9 2321/120/8 2323/120/8
f 2323/120/8 2321/120/8 2324/120/9
f 2321/120/8 2320/120/8 2325/120/8
f 2325/120/8 2320/120/8 2326/120/8
f 2325/120/8 2326/120/8 2327/120/8
f 2327/120/8 2326/120/8 2328/120/8
f 2324/120/8 2327/120/8 2329/120/8
f 2327/120/8 2328/120/8 2329/120/8
f 2329/120/8 2328/120/8 2330/120/8
f 2324/120/8 2329/120/8 2331/120/8
f 2331/120/8 2329/120/8 2332/120/8
f 2331/120/8 2332/120/8 2333/120/8
f 2333/120/8 2332/120/8 2334/120/8
f 2333/120/8 2334/120/8 2335/120/9
f 2335/120/9 2334/120/8 2336/120/9
f 2337/120/8 2338/120/8 2339/120/9
f 2339/120/9 2338/120/8 2340/120/8
f 2340/120/8 2338/120/8 2341/120/8
f 2341/120/8 2338/120/8 2342/120/8
f 2343/127/9 2344/127/9 2345/127/9
f 2345/127/9 2344/127/9 2346/127/9
f 2347/118/8 2348/118/8 2349/118/8
f 2349/118/8 2348/118/8 2350/118/8
f 2351/138/8 2352/138/8 2353/138/8
f 2351/138/8 2353/138/8 2354/138/9
f 2351/138/8 2354/138/9 2355/138/9
f 2355/138/9 2354/138/9 2356/138/9
f 2357/120/8 2358/120/8 2359/120/8
f 2359/120/8 2358/120/8 2360/120/8
f 2361/123/8 2362/123/8 2363/123/8
f 2363/123/8 2362/123/8 2364/123/8
f 2364/123/8 2362/123/8 2365/123/8
f 2366/139/8 2367/139/9 2368/139/9
f 2368/139/9 2367/139/9 2369/139/9
f 2370/118/8 2371/118/8 2372/118/8
f 2372/118/8 2371/118/8 2373/118/8
f 2374/140/8 2375/140/8 2376/140/8
f 2376/140/8 2375/140/8 2377/140/8
f 2378/88/8 2379/88/8 2380/88/8
f 2380/88/8 2379/88/8 2381/88/8
f 2382/120/8 2383/120/8 2384/120/9
f 2384/120/9 2383/120/8 2385/120/8
f 2384/120/9 2385/120/8 2386/120/9
f 2387/120/8 2384/120/9 2386/120/9
f 2385/120/8 2388/120/9 2386/120/9
f 2386/120/9 2388/120/9 2389/120/9
f 2389/120/9 2388/120/9 2390/120/9
f 2389/120/9 2390/120/9 2391/120/8
f 2391/120/8 2390/120/9 2392/120/9
f 2392/120/9 2390/120/9 2393/120/9
f 2392/120/9 2393/120/9 2394/120/8
f 2393/120/9 2395/120/8 2394/120/8
f 2394/120/8 2395/120/8 2396/120/8
f 2397/141/8 2398/141/9 2399/141/9
f 2399/141/9 2398/141/9 2400/141/9
f 2401/141/8 2399/141/8 2402/141/8
f 2403/141/8 2399/141/8 2401/141/8
f 2404/141/8 2399/141/8 2403/141/8
f 2405/142/8 2406/142/9 2407/142/9
f 2407/142/9 2406/142/9 2408/142/9
f 2409/139/8 2410/139/9 2411/139/9
f 2411/139/9 2410/139/9 2412/139/9
f 2413/120/8 2414/120/9 2415/120/8
f 2415/120/8 2414/120/9 2416/120/8
f 2415/120/8 2416/120/8 2417/120/8
f 2417/120/8 2416/120/8 2418/120/8
f 2419/138/8 2420/138/8 2421/138/9
f 2419/138/8 2421/138/9 2422/138/8
f 2421/138/9 2423/138/8 2422/138/8
f 2422/138/8 2423/138/8 2424/138/8
f 2424/138/8 2423/138/8 2425/138/8
f 2424/138/8 2425/138/8 2426/138/8
f 2425/138/8 2427/138/8 2426/138/8
f 2426/138/8 2427/138/8 2428/138/8
f 2429/143/8 2430/143/8 2431/143/8
f 2431/143/8 2430/143/8 2432/143/8
f 2433/144/8 2434/144/8 2435/144/8
f 2435/144/8 2434/144/8 2436/144/8
f 2437/145/8 2438/145/8 2439/145/9
f 2439/145/9 2438/145/8 2440/145/8
f 2440/145/8 2438/145/8 2441/145/8
f 2442/145/8 2440/145/8 2441/145/8
f 2443/145/8 2440/145/8 2442/145/8
f 2444/145/8 2443/145/8 2442/145/8
f 2445/123/8 2446/123/8 2447/123/8
f 2447/123/8 2446/123/8 2448/123/8
f 2449/127/8 2450/127/8 2451/127/9
f 2451/127/9 2450/127/8 2452/127/8
f 2452/127/8 2450/127/8 2453/127/9
f 2453/127/9 2450/127/8 2454/127/8
f 2454/127/8 2450/127/8 2455/127/9
f 2456/88/8 2457/88/9 2458/88/9
f 2458/88/9 2457/88/9 2459/88/9
f 2460/92/8 2461/92/9 2462/92/9
f 2462/92/9 2461/92/9 2463/92/9
f 2464/146/8 2465/146/9 2466/146/9
f 2466/146/9 2465/146/9 2467/146/9
f 2468/143/8 2469/143/8 2470/143/8
f 2470/143/8 2469/143/8 2471/143/8
f 2472/4/8 2473/4/8 2474/4/8
f 2474/4/8 2473/4/8 2475/4/8
f 2476/147/8 2477/147/9 2478/147/9
f 2478/147/9 2477/147/9 2479/147/9
f 2480/148/8 2481/148/8 2482/148/8
f 2482/148/8 2481/148/8 2483/148/8
f 2482/148/8 2483/148/8 2484/148/9
f 2484/148/9 2483/148/8 2485/148/9
f 2486/149/8 2487/149/8 2488/149/8
f 2488/149/8 2487/149/8 2489/149/8
f 2490/150/8 2491/150/8 2492/150/8
f 2492/150/8 2491/150/8 2493/150/8
f 2494/151/8 2495/151/8 2496/151/8
f 2496/151/8 2495/151/8 2497/151/8
f 2498/150/8 2499/150/8 2500/150/8
f 2500/150/8 2499/150/8 2501/150/8
f 2502/149/8 2503/149/8 2504/149/8
f 2504/149/8 2503/149/8 2505/149/8
f 2506/148/8 2507/148/8 2508/148/8
f 2508/148/8 2507/148/8 2509/148/8
f 2508/148/8 2509/148/8 2510/148/9
f 2510/148/9 2509/148/8 2511/148/9
f 2512/53/8 2513/53/9 2514/53/9
f 2514/53/9 2513/53/9 2515/53/9
f 2516/56/8 2517/56/9 2518/56/9
f 2518/56/9 2517/56/9 2519/56/9
f 2520/152/8 2521/152/9 2522/152/9
f 2522/152/9 2521/152/9 2523/152/9
f 2524/153/8 2525/153/9 2526/153/9
f 2526/153/9 2525/153/9 2527/153/9
f 2528/154/9 2529/154/9 2530/154/9
f 2531/154/8 2528/154/9 2530/154/9
f 2530/154/9 2529/154/9 2532/154/9
f 2532/154/9 2529/154/9 2533/154/9
f 2534/155/9 2535/155/9 2536/155/9
f 2536/155/9 2535/155/9 2537/155/9
f 2538/56/8 2539/56/9 2540/56/9
f 2540/56/9 2539/56/9 2541/56/9
f 2542/53/9 2543/53/9 2544/53/9
f 2544/53/9 2543/53/9 2545/53/9
f 2546/57/8 2547/57/8 2548/57/8
f 2548/57/8 2547/57/8 2549/57/8
f 2550/87/8 2551/87/8 2552/87/8
f 2552/87/8 2551/87/8 2553/87/8
f 2554/54/8 2555/54/8 2556/54/8
f 2556/54/8 2555/54/8 2557/54/8
f 2558/149/8 2559/149/8 2560/149/9
f 2560/149/9 2559/149/8 2561/149/8
f 2561/149/8 2559/149/8 2562/149/8
f 2563/149/8 2564/149/8 2565/149/8
f 2563/149/8 2565/149/8 2566/149/9
f 2566/149/9 2565/149/8 2567/149/9
f 2568/43/8 2569/43/8 2570/43/8
f 2570/43/8 2569/43/8 2571/43/8
f 2572/47/8 2573/47/8 2574/47/8
f 2574/47/8 2573/47/8 2575/47/8
f 2576/59/8 2577/59/8 2578/59/8
f 2578/59/8 2577/59/8 2579/59/8
f 2580/56/8 2581/56/8 2582/56/8
f 2580/56/8 2582/56/8 2583/56/8
f 2583/56/8 2582/56/8 2584/56/8
f 2585/148/8 2586/148/9 2587/148/9
f 2587/148/9 2586/148/9 2588/148/9
f 2589/150/8 2590/150/8 2591/150/8
f 2591/150/8 2590/150/8 2592/150/8
f 2593/151/8 2594/151/8 2595/151/8
f 2595/151/8 2594/151/8 2596/151/8
f 2597/150/8 2598/150/8 2599/150/8
f 2599/150/8 2598/150/8 2600/150/8
f 2601/148/8 2602/148/9 2603/148/9
f 2603/148/9 2602/148/9 2604/148/9
f 2605/56/8 2606/56/8 2607/56/8
f 2607/56/8 2606/56/8 2608/56/8
f 2608/56/8 2606/56/8 2609/56/8
f 2610/53/8 2611/53/8 2612/53/8
f 2612/53/8 2611/53/8 2613/53/8
f 2614/1/8 2615/1/8 1712/1/8
f 2616/1/8 2614/1/8 1712/1/8
f 2615/1/8 2617/1/8 1712/1/8
f 2617/1/8 2618/1/8 1712/1/8
f 2618/1/8 2619/1/9 1712/1/8
f 2619/1/9 2620/1/9 1712/1/8
f 2620/1/9 2621/1/8 1712/1/8
f 1712/1/8 2621/1/8 1747/1/8
f 2622/53/8 2623/53/8 2624/53/8
f 2624/53/8 2623/53/8 2625/53/8
f 2626/1/10 2627/1/10 2628/1/10
f 2629/1/10 2626/1/10 2628/1/10
f 2630/1/10 2629/1/10 2628/1/10
f 2631/1/10 2627/1/10 2626/1/10
f 2632/1/11 2630/1/10 2628/1/10
f 2632/1/11 2633/1/11 2630/1/10
f 2632/1/11 2634/1/11 2633/1/11
f 2635/1/11 2634/1/11 2632/1/11
f 2635/1/11 2627/1/10 2634/1/11
f 2636/1/11 2627/1/10 2631/1/10
f 2634/1/11 2627/1/10 2637/1/10
f 2638/1/10 2627/1/10 2636/1/11
f 2637/1/10 2627/1/10 2638/1/10
f 2639/2/10 2640/2/10 2641/2/10
f 2642/2/10 2640/2/10 2639/2/10
f 2643/4/10 2644/4/10 2645/4/10
f 2646/4/10 2644/4/10 2643/4/10
f 2647/4/10 2646/4/10 2643/4/10
f 2647/4/10 2648/4/10 2646/4/10
f 2649/4/10 2648/4/10 2647/4/10
f 2650/6/10 2651/6/10 2652/6/10
f 2653/6/10 2651/6/10 2650/6/10
f 2654/3/10 2655/3/10 2656/3/10
f 2657/3/10 2655/3/10 2654/3/10
f 2658/1/10 2659/1/10 2660/1/10
f 2661/1/10 2658/1/10 2660/1/10
f 2662/1/10 2659/1/10 2658/1/10
f 2663/1/10 2661/1/10 2660/1/10
f 2664/1/11 2659/1/10 2662/1/10
f 2663/1/10 2665/1/10 2661/1/10
f 2666/1/10 2659/1/10 2664/1/11
f 2663/1/10 2667/1/10 2665/1/10
f 2668/1/11 2659/1/10 2666/1/10
f 2663/1/10 2669/1/10 2667/1/10
f 2670/1/10 2659/1/10 2668/1/11
f 2671/1/10 2659/1/10 2670/1/10
f 2672/1/11 2659/1/10 2671/1/10
f 2673/1/10 2659/1/10 2672/1/11
f 2674/1/10 2659/1/10 2673/1/10
f 2674/1/10 2673/1/10 2663/1/10
f 2663/1/10 2673/1/10 2675/1/10
f 2663/1/10 2676/1/10 2669/1/10
f 2663/1/10 2675/1/10 2677/1/10
f 2663/1/10 2677/1/10 2676/1/10
f 2678/76/11 2679/76/11 2680/76/11
f 2681/76/10 2679/76/11 2678/76/11
f 2682/77/11 2683/77/11 2684/77/11
f 2685/77/10 2683/77/11 2682/77/11
f 2686/78/11 2687/78/11 2688/78/10
f 2689/78/10 2687/78/11 2686/78/11
f 2690/79/11 2691/79/11 2692/79/11
f 2693/79/11 2691/79/11 2690/79/11
f 2694/80/11 2695/80/11 2696/80/11
f 2697/80/10 2695/80/11 2694/80/11
f 2698/22/11 2699/22/11 2700/22/11
f 2701/22/10 2699/22/11 2698/22/11
f 2702/69/11 2703/69/11 2704/69/11
f 2705/69/10 2703/69/11 2702/69/11
f 2706/1/10 2707/1/10 2708/1/10
f 2709/1/10 2706/1/10 2708/1/10
f 2710/1/10 2707/1/10 2706/1/10
f 2711/1/10 2709/1/10 2708/1/10
f 2712/1/10 2707/1/10 2710/1/10
f 2711/1/10 2713/1/10 2709/1/10
f 2714/1/11 2707/1/10 2712/1/10
f 2711/1/10 2715/1/10 2713/1/10
f 2716/1/10 2707/1/10 2714/1/11
f 2711/1/10 2717/1/11 2715/1/10
f 2718/1/10 2707/1/10 2716/1/10
f 2719/1/10 2707/1/10 2718/1/10
f 2720/1/11 2707/1/10 2719/1/10
f 2721/1/10 2707/1/10 2720/1/11
f 2722/1/10 2707/1/10 2721/1/10
f 2722/1/10 2721/1/10 2711/1/10
f 2711/1/10 2721/1/10 2723/1/11
f 2711/1/10 2724/1/11 2717/1/11
f 2711/1/10 2723/1/11 2725/1/10
f 2711/1/10 2725/1/10 2724/1/11
f 2726/76/10 2727/76/10 2728/76/10
f 2729/76/10 2727/76/10 2726/76/10
f 2730/77/10 2731/77/10 2732/77/10
f 2733/77/10 2731/77/10 2730/77/10
f 2734/78/10 2735/78/10 2736/78/10
f 2737/78/10 2735/78/10 2734/78/10
f 2738/79/10 2739/79/10 2740/79/10
f 2741/79/10 2739/79/10 2738/79/10
f 2742/80/10 2743/80/10 2744/80/10
f 2745/80/10 2743/80/10 2742/80/10
f 2746/22/10 2747/22/10 2748/22/10
f 2749/22/10 2747/22/10 2746/22/10
f 2750/69/10 2751/69/10 2752/69/10
f 2753/69/10 2751/69/10 2750/69/10
f 2754/1/10 2755/1/10 2756/1/10
f 2757/1/11 2754/1/10 2756/1/10
f 2758/1/10 2755/1/10 2754/1/10
f 2759/1/10 2754/1/10 2757/1/11
f 2760/1/10 2755/1/10 2758/1/10
f 2761/1/10 2759/1/10 2757/1/11
f 2761/1/10 2757/1/11 2762/1/10
f 2763/1/10 2759/1/10 2761/1/10
f 2764/1/11 2759/1/10 2763/1/10
f 2765/1/11 2763/1/10 2761/1/10
f 2765/1/11 2761/1/10 2766/1/10
f 2767/1/10 2763/1/10 2765/1/11
f 2768/1/10 2763/1/10 2767/1/10
f 2769/1/10 2765/1/11 2766/1/10
f 2770/1/11 2769/1/10 2766/1/10
f 2771/1/10 2770/1/11 2766/1/10
f 2772/1/11 2771/1/10 2766/1/10
f 2773/1/10 2763/1/10 2768/1/10
f 2774/1/10 2772/1/11 2766/1/10
f 2775/1/10 2763/1/10 2773/1/10
f 2776/1/10 2763/1/10 2775/1/10
f 2777/1/10 2763/1/10 2776/1/10
f 2778/1/10 2763/1/10 2777/1/10
f 2779/1/10 2763/1/10 2778/1/10
f 2780/1/10 2779/1/10 2778/1/10
f 2781/1/10 2780/1/10 2778/1/10
f 2782/1/10 2780/1/10 2781/1/10
f 2783/1/10 2782/1/10 2781/1/10
f 2784/1/11 2782/1/10 2783/1/10
f 2774/1/10 2784/1/11 2783/1/10
f 2774/1/10 2785/1/10 2784/1/11
f 2774/1/10 2783/1/10 2786/1/11
f 2774/1/10 2786/1/11 2787/1/10
f 2774/1/10 2787/1/10 2788/1/10
f 2774/1/10 2788/1/10 2789/1/10
f 2774/1/10 2789/1/10 2790/1/10
f 2774/1/10 2790/1/10 2772/1/11
f 2774/1/10 2791/1/10 2785/1/10
f 2792/1/11 2791/1/10 2774/1/10
f 2793/1/10 2791/1/10 2792/1/11
f 2794/1/10 2791/1/10 2793/1/10
f 2795/1/11 2793/1/10 2796/1/10
f 2797/1/11 2793/1/10 2795/1/11
f 2798/1/10 2793/1/10 2797/1/11
f 2799/1/11 2797/1/11 2795/1/11
f 2799/1/11 2795/1/11 2800/1/11
f 2801/1/10 2797/1/11 2799/1/11
f 2802/1/10 2797/1/11 2801/1/10
f 2803/1/10 2799/1/10 2804/1/10
f 2804/1/10 2799/1/10 2805/1/10
f 2805/1/10 2799/1/10 2806/1/10
f 2807/1/10 2805/1/10 2808/1/10
f 2809/1/10 2805/1/10 2807/1/10
f 2810/1/11 2807/1/10 2811/1/10
f 2812/1/10 2810/1/11 2811/1/10
f 2813/1/10 2812/1/10 2811/1/10
f 2814/1/10 2812/1/10 2813/1/10
f 2815/1/10 2816/1/10 2814/1/10
f 2817/1/10 2815/1/10 2814/1/10
f 2818/1/10 2815/1/10 2817/1/10
f 2819/1/10 2820/1/10 2818/1/10
f 2821/1/10 2819/1/10 2818/1/10
f 2822/1/10 2819/1/10 2821/1/10
f 2823/1/10 2824/1/11 2822/1/11
f 2825/1/10 2823/1/10 2822/1/11
f 2826/1/10 2825/1/10 2822/1/11
f 2827/1/10 2825/1/10 2826/1/10
f 2828/1/10 2829/1/10 2827/1/10
f 2830/1/10 2828/1/10 2827/1/10
f 2829/1/10 2831/1/10 2827/1/10
f 2832/1/11 2830/1/10 2827/1/10
f 2832/1/11 2833/1/11 2830/1/10
f 2831/1/10 2834/1/10 2827/1/10
f 2832/1/11 2835/1/11 2833/1/11
f 2836/1/10 2835/1/11 2832/1/11
f 2831/1/10 2837/1/10 2834/1/10
f 2837/1/10 2838/1/11 2839/1/10
f 2837/1/10 2840/1/10 2838/1/11
f 2837/1/10 2841/1/10 2840/1/10
f 2837/1/10 2842/1/10 2841/1/10
f 2837/1/10 2843/1/10 2842/1/10
f 2831/1/10 2844/1/10 2837/1/10
f 2844/1/10 2843/1/10 2837/1/10
f 2845/1/10 2844/1/10 2831/1/10
f 2846/1/10 2844/1/10 2845/1/10
f 2847/1/10 2843/1/10 2844/1/10
f 2848/1/10 2843/1/10 2847/1/10
f 2849/1/10 2843/1/10 2848/1/10
f 2850/1/10 2843/1/10 2849/1/10
f 2851/1/10 2843/1/10 2850/1/10
f 2852/1/11 2843/1/10 2851/1/10
f 2853/1/10 2843/1/10 2852/1/11
f 2854/1/10 2843/1/10 2853/1/10
f 2855/1/10 2854/1/10 2853/1/10
f 2855/1/10 2856/1/10 2854/1/10
f 2857/1/10 2856/1/10 2855/1/10
f 2858/1/11 2856/1/10 2857/1/10
f 2858/1/11 2859/1/10 2856/1/10
f 2860/1/10 2859/1/10 2858/1/11
f 2856/1/10 2859/1/10 2861/1/10
f 2862/1/10 2859/1/10 2860/1/10
f 2861/1/10 2859/1/10 2863/1/10
f 2863/1/10 2859/1/10 2864/1/10
f 2864/1/10 2859/1/10 2865/1/10
f 2866/1/11 2859/1/10 2862/1/10
f 2867/1/10 2859/1/10 2866/1/11
f 2867/1/10 2866/1/11 2868/1/11
f 2868/1/11 2866/1/11 2869/1/10
f 2868/1/11 2869/1/10 2870/1/11
f 2871/1/10 2872/1/10 2859/1/11
f 2859/1/11 2872/1/10 2873/1/10
f 2872/1/10 2874/1/10 2873/1/10
f 2873/1/10 2874/1/10 2875/1/10
f 2872/1/10 2876/1/10 2874/1/10
f 2877/1/10 2876/1/10 2872/1/10
f 2874/1/10 2876/1/10 2878/1/10
f 2876/1/10 2879/1/10 2878/1/10
f 2878/1/10 2879/1/10 2880/1/10
f 2876/1/10 2881/1/10 2879/1/10
f 2882/1/10 2881/1/10 2876/1/10
f 2879/1/10 2881/1/10 2883/1/11
f 2883/1/11 2881/1/10 2884/1/10
f 2884/1/10 2881/1/10 2885/1/11
f 2885/1/11 2881/1/10 2886/1/10
f 2886/1/10 2881/1/10 2887/1/11
f 2887/1/11 2881/1/10 2888/1/10
f 2888/1/10 2881/1/10 2889/1/10
f 2888/1/10 2889/1/10 2890/1/10
f 2889/1/10 2755/1/10 2890/1/10
f 2890/1/10 2755/1/10 2891/1/11
f 2891/1/11 2755/1/10 2892/1/10
f 2892/1/10 2755/1/10 2893/1/11
f 2893/1/11 2755/1/10 2894/1/11
f 2894/1/11 2755/1/10 2895/1/11
f 2895/1/11 2755/1/10 2896/1/10
f 2896/1/10 2755/1/10 2897/1/10
f 2897/1/10 2755/1/10 2898/1/11
f 2899/1/10 2897/1/10 2898/1/11
f 2898/1/11 2755/1/10 2900/1/11
f 2901/1/10 2897/1/10 2899/1/10
f 2900/1/11 2755/1/10 2760/1/10
f 2902/1/10 2901/1/10 2899/1/10
f 2903/1/10 2900/1/11 2760/1/10
f 2904/1/10 2901/1/10 2902/1/10
f 2905/1/10 2900/1/11 2903/1/10
f 2906/1/10 2904/1/10 2902/1/10
f 2907/1/10 2905/1/10 2903/1/10
f 2908/1/10 2904/1/10 2906/1/10
f 2909/1/11 2908/1/10 2906/1/10
f 2910/1/11 2908/1/10 2909/1/11
f 2911/1/10 2905/1/10 2907/1/10
f 2912/1/10 2911/1/10 2907/1/10
f 2913/1/10 2911/1/10 2912/1/10
f 2914/1/11 2913/1/10 2912/1/10
f 2915/1/11 2913/1/10 2914/1/11
f 2916/81/10 2917/81/10 2918/81/10
f 2919/81/10 2917/81/10 2916/81/10
f 2920/82/10 2921/82/10 2922/82/10
f 2923/82/10 2921/82/10 2920/82/10
f 2924/41/10 2925/41/10 2926/41/10
f 2927/41/10 2925/41/10 2924/41/10
f 2928/41/10 2929/41/10 2930/41/10
f 2931/41/10 2929/41/10 2928/41/10
f 2932/45/10 2933/45/10 2934/45/10
f 2935/45/10 2933/45/10 2932/45/10
f 2936/82/10 2937/82/10 2938/82/10
f 2939/82/10 2937/82/10 2936/82/10
f 2940/83/11 2941/83/11 2942/83/10
f 2943/83/11 2941/83/11 2940/83/11
f 2944/84/11 2945/84/11 2946/84/10
f 2947/84/10 2945/84/11 2944/84/11
f 2948/84/11 2945/84/11 2947/84/10
f 2949/85/11 2950/85/11 2951/85/10
f 2952/85/10 2950/85/11 2949/85/11
f 2953/42/11 2954/42/11 2955/42/11
f 2956/42/10 2954/42/11 2953/42/11
f 2957/46/11 2958/46/11 2959/46/10
f 2957/46/11 2960/46/10 2958/46/11
f 2961/46/10 2960/46/10 2957/46/11
f 2962/46/10 2960/46/10 2961/46/10
f 2963/57/10 2964/57/10 2965/57/10
f 2966/57/10 2964/57/10 2963/57/10
f 2967/86/10 2968/86/10 2969/86/10
f 2970/86/10 2967/86/10 2969/86/10
f 2970/86/10 2971/86/11 2967/86/10
f 2972/86/11 2971/86/11 2970/86/10
f 2973/87/10 2974/87/10 2975/87/10
f 2976/87/10 2974/87/10 2973/87/10
f 2977/54/10 2978/54/10 2979/54/10
f 2980/54/10 2978/54/10 2977/54/10
f 2981/88/10 2982/88/10 2983/88/10
f 2984/88/10 2982/88/10 2981/88/10
f 2985/88/10 2982/88/10 2984/88/10
f 2986/88/10 2982/88/10 2985/88/10
f 2987/88/11 2985/88/10 2984/88/10
f 2988/88/10 2985/88/10 2987/88/11
f 2989/88/10 2990/88/10 2988/88/10
f 2991/88/10 2990/88/10 2989/88/10
f 2992/88/10 2987/88/10 2993/88/10
f 2993/88/10 2987/88/10 2994/88/10
f 2995/43/10 2996/43/10 2997/43/10
f 2998/43/10 2996/43/10 2995/43/10
f 2999/47/10 3000/47/10 3001/47/10
f 3002/47/10 3000/47/10 2999/47/10
f 3003/59/10 3004/59/10 3005/59/10
f 3006/59/10 3004/59/10 3003/59/10
f 3007/63/11 3008/63/11 3009/63/10
f 3010/63/11 3008/63/11 3007/63/11
f 3011/64/11 3012/64/11 3013/64/10
f 3014/64/11 3012/64/11 3011/64/11
f 3015/65/11 3016/65/11 3017/65/10
f 3018/65/11 3016/65/11 3015/65/11
f 3019/66/11 3020/66/11 3021/66/10
f 3022/66/11 3020/66/11 3019/66/11
f 3023/67/11 3024/67/11 3025/67/10
f 3026/67/11 3024/67/11 3023/67/11
f 3027/68/11 3028/68/11 3029/68/10
f 3030/68/11 3028/68/11 3027/68/11
f 3031/89/11 3032/89/11 3033/89/10
f 3034/89/11 3032/89/11 3031/89/11
f 3035/90/11 3036/90/11 3037/90/10
f 3038/90/11 3036/90/11 3035/90/11
f 3039/91/11 3040/91/11 3041/91/10
f 3042/91/11 3040/91/11 3039/91/11
f 3043/92/11 3044/92/11 3045/92/10
f 3046/92/11 3044/92/11 3043/92/11
f 3047/93/11 3048/93/11 3049/93/11
f 3050/93/10 3048/93/11 3047/93/11
f 3051/94/11 3052/94/11 3053/94/10
f 3054/94/11 3052/94/11 3051/94/11
f 3055/95/11 3056/95/11 3057/95/10
f 3058/95/11 3056/95/11 3055/95/11
f 3059/96/10 3060/96/10 3061/96/10
f 3062/96/10 3060/96/10 3059/96/10
f 3063/97/10 3064/97/10 3065/97/10
f 3066/97/10 3064/97/10 3063/97/10
f 3067/1/10 3068/1/10 3069/1/10
f 3070/1/10 3068/1/10 3067/1/10
f 3071/1/11 3072/1/11 3070/1/10
f 3073/1/11 3072/1/11 3071/1/11
f 3074/1/11 3067/1/11 3075/1/11
f 3075/1/11 3067/1/11 3076/1/10
f 3077/98/10 3078/98/10 3079/98/10
f 3080/98/10 3078/98/10 3077/98/10
f 3081/99/10 3082/99/10 3083/99/10
f 3084/99/10 3082/99/10 3081/99/10
f 3085/100/11 3086/100/10 3087/100/10
f 3088/100/10 3086/100/10 3085/100/11
f 3089/100/10 3086/100/10 3088/100/10
f 3090/101/10 3091/101/10 3092/101/10
f 3093/101/10 3091/101/10 3090/101/10
f 3094/102/10 3095/102/10 3096/102/10
f 3094/102/10 3096/102/10 3097/102/10
f 3094/102/10 3097/102/10 3098/102/10
f 3099/102/10 3095/102/10 3094/102/10
f 3100/102/10 3095/102/10 3099/102/10
f 3101/102/10 3099/102/10 3094/102/10
f 3102/102/11 3099/102/10 3101/102/10
f 3103/102/11 3099/102/10 3102/102/11
f 3104/102/10 3102/102/11 3101/102/10
f 3105/102/10 3102/102/11 3104/102/10
f 3106/103/10 3107/103/10 3108/103/10
f 3109/103/10 3107/103/10 3106/103/10
f 3110/104/10 3111/104/10 3112/104/10
f 3113/104/10 3111/104/10 3110/104/10
f 3114/104/10 3113/104/10 3110/104/10
f 3115/104/10 3114/104/10 3110/104/10
f 3116/104/10 3114/104/10 3115/104/10
f 3117/105/10 3118/105/10 3119/105/10
f 3120/105/10 3118/105/10 3117/105/10
f 3121/106/10 3122/106/10 3123/106/10
f 3121/106/10 3123/106/10 3124/106/10
f 3125/106/10 3122/106/10 3121/106/10
f 3126/106/10 3122/106/10 3125/106/10
f 3127/1/11 3128/1/10 3129/1/10
f 3130/1/10 3127/1/11 3129/1/10
f 3131/1/10 3128/1/10 3127/1/11
f 3132/1/10 3130/1/10 3129/1/10
f 3133/1/11 3128/1/10 3131/1/10
f 3134/1/11 3132/1/10 3129/1/10
f 3135/1/10 3134/1/11 3129/1/10
f 3136/1/10 3135/1/10 3129/1/10
f 3137/1/10 3136/1/10 3129/1/10
f 3137/1/10 3138/1/10 3136/1/10
f 3137/1/10 3139/1/10 3138/1/10
f 3140/1/10 3139/1/10 3137/1/10
f 3140/1/10 3128/1/10 3139/1/10
f 3141/1/10 3128/1/10 3133/1/11
f 3139/1/10 3128/1/10 3142/1/10
f 3143/1/10 3128/1/10 3141/1/10
f 3142/1/10 3128/1/10 3144/1/10
f 3144/1/10 3128/1/10 3143/1/10
f 3145/107/11 3146/107/11 3147/107/10
f 3148/107/11 3146/107/11 3145/107/11
f 3149/107/10 3150/107/10 3148/107/10
f 3151/107/10 3150/107/10 3149/107/10
f 3152/108/11 3153/108/11 3154/108/10
f 3155/108/11 3153/108/11 3152/108/11
f 3156/109/11 3157/109/11 3158/109/10
f 3159/109/11 3157/109/11 3156/109/11
f 3160/85/11 3161/85/11 3162/85/10
f 3163/85/11 3161/85/11 3160/85/11
f 3164/110/10 3165/110/10 3166/110/10
f 3167/110/10 3165/110/10 3164/110/10
f 3168/110/10 3167/110/10 3164/110/10
f 3169/110/10 3167/110/10 3168/110/10
f 3170/110/10 3169/110/10 3168/110/10
f 3170/110/10 3168/110/10 3171/110/10
f 3172/110/11 3170/110/10 3171/110/10
f 3170/110/10 3173/110/10 3169/110/10
f 3174/110/10 3170/110/10 3172/110/11
f 3175/110/10 3173/110/10 3170/110/10
f 3176/110/10 3170/110/10 3174/110/10
f 3177/110/10 3173/110/10 3175/110/10
f 3178/110/10 3176/110/10 3174/110/10
f 3179/110/11 3177/110/10 3175/110/10
f 3178/110/10 3180/110/10 3176/110/10
f 3179/110/11 3181/110/10 3177/110/10
f 3178/110/10 3182/110/10 3180/110/10
f 3183/110/10 3182/110/10 3178/110/10
f 3184/110/10 3182/110/10 3183/110/10
f 3185/110/10 3182/110/10 3184/110/10
f 3179/110/11 3186/110/11 3181/110/10
f 3187/110/11 3186/110/11 3179/110/11
f 3181/110/10 3188/110/10 3189/110/10
f 3181/110/10 3190/110/10 3188/110/10
f 3181/110/10 3191/110/10 3190/110/10
f 3186/110/11 3191/110/10 3181/110/10
f 3192/110/10 3191/110/10 3186/110/11
f 3193/110/11 3191/110/10 3192/110/10
f 3182/110/10 3193/110/11 3180/110/10
f 3194/110/11 3193/110/11 3182/110/10
f 3180/110/10 3193/110/11 3195/110/10
f 3180/110/10 3195/110/10 3196/110/10
f 3197/110/10 3193/110/11 3194/110/11
f 3197/110/10 3191/110/10 3193/110/11
f 3198/110/10 3191/110/10 3197/110/10
f 3199/111/11 3200/111/11 3201/111/11
f 3202/111/10 3200/111/11 3199/111/11
f 3203/112/10 3204/112/10 3205/112/10
f 3206/112/10 3203/112/10 3205/112/10
f 3207/112/10 3203/112/10 3206/112/10
f 3208/47/11 3209/47/11 3210/47/10
f 3211/47/10 3209/47/11 3208/47/11
f 3212/59/11 3213/59/11 3214/59/10
f 3215/59/11 3213/59/11 3212/59/11
f 3216/113/10 3217/113/10 3218/113/10
f 3219/113/10 3217/113/10 3216/113/10
f 3220/96/10 3221/96/10 3222/96/10
f 3223/96/10 3221/96/10 3220/96/10
f 3224/114/10 3225/114/10 3226/114/10
f 3227/114/10 3225/114/10 3224/114/10
f 3228/115/10 3229/115/10 3230/115/10
f 3231/115/10 3229/115/10 3228/115/10
f 3232/116/10 3233/116/10 3234/116/10
f 3235/116/10 3233/116/10 3232/116/10
f 3236/117/10 3237/117/10 3238/117/10
f 3239/117/10 3237/117/10 3236/117/10
f 3240/118/10 3241/118/10 3242/118/10
f 3243/118/10 3241/118/10 3240/118/10
f 3244/118/10 3241/118/10 3243/118/10
f 3245/118/10 3241/118/10 3244/118/10
f 3246/118/10 3241/118/10 3245/118/10
f 3247/118/10 3241/118/10 3246/118/10
f 3245/118/10 3244/118/10 3248/118/10
f 3248/118/10 3244/118/10 3249/118/10
f 3248/118/10 3249/118/10 3250/118/10
f 3251/119/10 3252/119/10 3253/119/10
f 3254/119/10 3252/119/10 3251/119/10
f 3255/120/10 3256/120/10 3257/120/10
f 3258/120/10 3255/120/10 3257/120/10
f 3259/120/10 3258/120/10 3257/120/10
f 3260/120/10 3259/120/10 3257/120/10
f 3261/120/10 3259/120/10 3260/120/10
f 3262/121/10 3263/121/10 3264/121/10
f 3265/121/10 3263/121/10 3262/121/10
f 3266/45/10 3267/45/10 3268/45/10
f 3269/45/10 3267/45/10 3266/45/10
f 3270/46/10 3271/46/10 3272/46/10
f 3273/46/10 3271/46/10 3270/46/10
f 3274/122/11 3275/122/11 3276/122/11
f 3277/122/11 3275/122/11 3274/122/11
f 3278/123/10 3279/123/11 3280/123/11
f 3281/123/10 3278/123/10 3280/123/11
f 3282/123/10 3278/123/10 3281/123/10
f 3283/124/10 3284/124/10 3285/124/10
f 3286/124/10 3284/124/10 3283/124/10
f 3287/111/10 3288/111/10 3289/111/10
f 3290/111/10 3288/111/10 3287/111/10
f 3291/125/10 3292/125/11 3293/125/11
f 3294/125/10 3291/125/10 3293/125/11
f 3295/125/10 3291/125/10 3294/125/10
f 3296/121/11 3297/121/11 3298/121/11
f 3299/121/11 3297/121/11 3296/121/11
f 3300/126/10 3301/126/10 3302/126/10
f 3303/126/10 3301/126/10 3300/126/10
f 3304/127/11 3305/127/11 3306/127/11
f 3307/127/10 3305/127/11 3304/127/11
f 3308/123/10 3309/123/11 3310/123/11
f 3311/123/10 3308/123/10 3310/123/11
f 3312/123/10 3308/123/10 3311/123/10
f 3313/123/10 3311/123/11 3314/123/11
f 3315/123/10 3313/123/10 3314/123/11
f 3316/123/10 3313/123/10 3315/123/10
f 3317/123/10 3315/123/10 3318/123/10
f 3318/123/10 3315/123/10 3319/123/11
f 3319/123/11 3315/123/10 3320/123/10
f 3321/102/10 3322/102/10 3323/102/10
f 3324/102/10 3322/102/10 3321/102/10
f 3325/102/10 3322/102/10 3324/102/10
f 3326/102/10 3322/102/10 3325/102/10
f 3324/102/10 3321/102/10 3327/102/11
f 3327/102/11 3321/102/10 3328/102/11
f 3329/102/10 3327/102/10 3330/102/10
f 3331/102/10 3327/102/10 3329/102/10
f 3332/102/10 3329/102/10 3333/102/10
f 3333/102/10 3329/102/10 3334/102/10
f 3335/128/10 3336/128/10 3337/128/10
f 3338/128/10 3336/128/10 3335/128/10
f 3339/32/10 3340/32/10 3341/32/10
f 3342/32/10 3340/32/10 3339/32/10
f 3343/129/11 3344/129/11 3345/129/11
f 3346/129/10 3344/129/11 3343/129/11
f 3347/45/11 3348/45/11 3349/45/11
f 3350/45/10 3348/45/11 3347/45/11
f 3351/46/11 3352/46/11 3353/46/11
f 3354/46/10 3352/46/11 3351/46/11
f 3355/130/10 3356/130/10 3357/130/10
f 3358/130/10 3356/130/10 3355/130/10
f 3359/131/10 3360/131/10 3361/131/10
f 3362/131/10 3360/131/10 3359/131/10
f 3363/131/10 3360/131/10 3362/131/10
f 3364/47/10 3365/47/10 3366/47/10
f 3367/47/10 3365/47/10 3364/47/10
f 3368/59/10 3369/59/10 3370/59/10
f 3371/59/10 3369/59/10 3368/59/10
f 3372/102/10 3373/102/10 3374/102/10
f 3375/102/10 3373/102/10 3372/102/10
f 3376/132/10 3377/132/10 3378/132/10
f 3379/132/10 3377/132/10 3376/132/10
f 3380/92/10 3381/92/10 3382/92/10
f 3383/92/10 3381/92/10 3380/92/10
f 3384/133/10 3385/133/10 3386/133/10
f 3387/133/10 3385/133/10 3384/133/10
f 3388/118/10 3389/118/10 3390/118/11
f 3391/118/10 3388/118/10 3390/118/11
f 3392/118/10 3388/118/10 3391/118/10
f 3393/134/11 3394/134/11 3395/134/10
f 3396/134/11 3394/134/11 3393/134/11
f 3397/135/11 3398/135/11 3399/135/10
f 3400/135/11 3398/135/11 3397/135/11
f 3401/136/11 3402/136/11 3403/136/10
f 3404/136/11 3402/136/11 3401/136/11
f 3405/136/10 3401/136/10 3406/136/10
f 3406/136/10 3401/136/10 3407/136/10
f 3407/136/10 3401/136/10 3408/136/10
f 3408/136/10 3401/136/10 3409/136/10
f 3408/136/10 3409/136/10 3410/136/10
f 3411/1/11 3412/1/10 3413/1/10
f 3411/1/11 3414/1/11 3412/1/10
f 3411/1/11 3415/1/11 3414/1/11
f 3416/1/10 3415/1/11 3411/1/11
f 3417/1/10 3415/1/11 3416/1/10
f 3418/1/10 3417/1/10 3416/1/10
f 3419/1/10 3411/1/10 3420/1/10
f 3421/1/10 3411/1/10 3419/1/10
f 3422/1/10 3421/1/10 3419/1/10
f 3422/1/10 3423/1/11 3421/1/10
f 3423/1/11 3418/1/10 3424/1/10
f 3422/1/10 3425/1/10 3423/1/11
f 3425/1/10 3418/1/10 3423/1/11
f 3425/1/10 3417/1/10 3418/1/10
f 3426/1/10 3417/1/10 3425/1/10
f 3427/1/10 3425/1/10 3422/1/10
f 3428/1/10 3425/1/10 3427/1/10
f 3429/137/11 3430/137/11 3431/137/10
f 3432/137/11 3430/137/11 3429/137/11
f 3433/120/10 3434/120/11 3435/120/10
f 3436/120/10 3434/120/11 3433/120/10
f 3437/120/10 3434/120/11 3436/120/10
f 3438/120/10 3437/120/10 3436/120/10
f 3438/120/10 3439/120/10 3437/120/10
f 3440/120/10 3439/120/10 3438/120/10
f 3441/120/10 3439/120/10 3440/120/10
f 3442/120/10 3441/120/10 3440/120/10
f 3442/120/10 3443/120/10 3441/120/10
f 3444/120/10 3443/120/10 3442/120/10
f 3445/120/10 3444/120/10 3442/120/10
f 3446/120/11 3444/120/10 3445/120/10
f 3447/120/10 3444/120/10 3446/120/11
f 3448/120/10 3443/120/10 3444/120/10
f 3449/120/10 3443/120/10 3448/120/10
f 3450/120/10 3449/120/10 3448/120/10
f 3451/120/10 3449/120/10 3450/120/10
f 3452/120/10 3450/120/10 3447/120/10
f 3452/120/10 3451/120/10 3450/120/10
f 3453/120/10 3451/120/10 3452/120/10
f 3454/120/10 3452/120/10 3447/120/10
f 3455/120/10 3452/120/10 3454/120/10
f 3456/120/10 3455/120/10 3454/120/10
f 3457/120/10 3455/120/10 3456/120/10
f 3458/120/11 3457/120/10 3456/120/10
f 3459/120/10 3457/120/10 3458/120/11
f 3460/120/11 3461/120/10 3462/120/10
f 3463/120/10 3461/120/10 3460/120/11
f 3464/120/11 3461/120/10 3463/120/10
f 3465/120/10 3461/120/10 3464/120/11
f 3466/120/10 3464/120/11 3463/120/10
f 3467/120/10 3464/120/11 3466/120/10
f 3468/127/10 3469/127/10 3470/127/10
f 3471/127/10 3469/127/10 3468/127/10
f 3472/118/10 3473/118/10 3474/118/10
f 3475/118/10 3473/118/10 3472/118/10
f 3476/138/10 3477/138/10 3478/138/10
f 3479/138/10 3476/138/10 3478/138/10
f 3480/138/11 3479/138/10 3478/138/10
f 3481/138/10 3479/138/10 3480/138/11
f 3482/123/10 3483/123/10 3484/123/10
f 3485/123/10 3483/123/10 3482/123/10
f 3486/123/10 3483/123/10 3485/123/10
f 3487/120/10 3488/120/10 3489/120/10
f 3490/120/10 3488/120/10 3487/120/10
f 3491/139/11 3492/139/11 3493/139/10
f 3494/139/10 3492/139/11 3491/139/11
f 3495/118/10 3496/118/10 3497/118/10
f 3498/118/10 3496/118/10 3495/118/10
f 3499/140/10 3500/140/10 3501/140/10
f 3502/140/10 3500/140/10 3499/140/10
f 3503/88/10 3504/88/10 3505/88/10
f 3506/88/10 3504/88/10 3503/88/10
f 3507/120/11 3508/120/10 3509/120/10
f 3510/120/11 3508/120/10 3507/120/11
f 3510/120/11 3507/120/11 3511/120/11
f 3511/120/11 3507/120/11 3512/120/11
f 3513/120/10 3508/120/10 3510/120/11
f 3514/120/11 3513/120/10 3510/120/11
f 3515/120/10 3513/120/10 3514/120/11
f 3516/120/10 3513/120/10 3515/120/10
f 3517/120/10 3516/120/10 3515/120/10
f 3517/120/10 3518/120/10 3516/120/10
f 3519/120/10 3518/120/10 3517/120/10
f 3520/141/11 3521/141/11 3522/141/11
f 3523/141/10 3521/141/11 3520/141/11
f 3524/141/10 3520/141/10 3525/141/10
f 3525/141/10 3520/141/10 3526/141/10
f 3526/141/10 3520/141/10 3527/141/10
f 3528/142/11 3529/142/11 3530/142/11
f 3531/142/10 3529/142/11 3528/142/11
f 3532/139/11 3533/139/11 3534/139/11
f 3535/139/10 3533/139/11 3532/139/11
f 3536/120/10 3537/120/11 3538/120/11
f 3539/120/10 3537/120/11 3536/120/10
f 3540/120/10 3539/120/10 3536/120/10
f 3541/120/10 3539/120/10 3540/120/10
f 3542/138/11 3543/138/11 3544/138/11
f 3545/138/10 3542/138/11 3544/138/11
f 3545/138/10 3546/138/10 3542/138/11
f 3547/138/10 3546/138/10 3545/138/10
f 3548/138/10 3546/138/10 3547/138/10
f 3549/138/10 3548/138/10 3547/138/10
f 3549/138/10 3550/138/10 3548/138/10
f 3551/138/10 3550/138/10 3549/138/10
f 3552/143/10 3553/143/10 3554/143/10
f 3555/143/10 3553/143/10 3552/143/10
f 3556/144/10 3557/144/10 3558/144/10
f 3559/144/10 3557/144/10 3556/144/10
f 3560/145/11 3561/145/10 3562/145/10
f 3563/145/10 3561/145/10 3560/145/11
f 3564/145/10 3561/145/10 3563/145/10
f 3564/145/10 3563/145/10 3565/145/10
f 3565/145/10 3563/145/10 3566/145/10
f 3565/145/10 3566/145/10 3567/145/10
f 3568/123/10 3569/123/10 3570/123/10
f 3571/123/10 3569/123/10 3568/123/10
f 3572/127/11 3573/127/10 3574/127/10
f 3575/127/10 3573/127/10 3572/127/11
f 3576/127/11 3573/127/10 3575/127/10
f 3577/127/10 3573/127/10 3576/127/11
f 3578/127/10 3573/127/10 3577/127/10
f 3579/88/11 3580/88/11 3581/88/11
f 3582/88/10 3580/88/11 3579/88/11
f 3583/92/11 3584/92/11 3585/92/11
f 3586/92/10 3584/92/11 3583/92/11
f 3587/146/11 3588/146/11 3589/146/11
f 3590/146/10 3588/146/11 3587/146/11
f 3591/143/10 3592/143/10 3593/143/10
f 3594/143/10 3592/143/10 3591/143/10
f 3595/4/10 3596/4/10 3597/4/10
f 3598/4/10 3596/4/10 3595/4/10
f 3599/147/11 3600/147/11 3601/147/11
f 3602/147/10 3600/147/11 3599/147/11
f 3603/148/10 3604/148/10 3605/148/10
f 3606/148/10 3604/148/10 3603/148/10
f 3607/148/11 3606/148/10 3603/148/10
f 3608/148/10 3606/148/10 3607/148/11
f 3609/149/10 3610/149/10 3611/149/10
f 3612/149/10 3610/149/10 3609/149/10
f 3613/150/10 3614/150/10 3615/150/10
f 3616/150/10 3614/150/10 3613/150/10
f 3617/151/10 3618/151/10 3619/151/10
f 3620/151/10 3618/151/10 3617/151/10
f 3621/150/10 3622/150/10 3623/150/10
f 3624/150/10 3622/150/10 3621/150/10
f 3625/149/10 3626/149/10 3627/149/10
f 3628/149/10 3626/149/10 3625/149/10
f 3629/148/10 3630/148/10 3631/148/10
f 3632/148/10 3630/148/10 3629/148/10
f 3633/148/11 3632/148/10 3629/148/10
f 3634/148/10 3632/148/10 3633/148/11
f 3635/53/11 3636/53/11 3637/53/11
f 3638/53/10 3636/53/11 3635/53/11
f 3639/56/11 3640/56/11 3641/56/11
f 3642/56/10 3640/56/11 3639/56/11
f 3643/152/11 3644/152/11 3645/152/11
f 3646/152/10 3644/152/11 3643/152/11
f 3647/153/11 3648/153/11 3649/153/11
f 3650/153/10 3648/153/11 3647/153/11
f 3651/154/11 3652/154/11 3653/154/11
f 3651/154/11 3653/154/11 3654/154/11
f 3655/154/11 3652/154/11 3651/154/11
f 3656/154/10 3652/154/11 3655/154/11
f 3657/155/11 3658/155/11 3659/155/11
f 3660/155/11 3658/155/11 3657/155/11
f 3661/56/11 3662/56/11 3663/56/11
f 3664/56/10 3662/56/11 3661/56/11
f 3665/53/11 3666/53/11 3667/53/11
f 3668/53/11 3666/53/11 3665/53/11
f 3669/57/10 3670/57/10 3671/57/10
f 3672/57/10 3670/57/10 3669/57/10
f 3673/87/10 3674/87/10 3675/87/10
f 3676/87/10 3674/87/10 3673/87/10
f 3677/54/10 3678/54/10 3679/54/10
f 3680/54/10 3678/54/10 3677/54/10
f 3681/149/11 3682/149/10 3683/149/10
f 3684/149/10 3682/149/10 3681/149/11
f 3685/149/10 3682/149/10 3684/149/10
f 3686/149/10 3687/149/10 3688/149/10
f 3689/149/11 3686/149/10 3688/149/10
f 3690/149/11 3686/149/10 3689/149/11
f 3691/43/10 3692/43/10 3693/43/10
f 3694/43/10 3692/43/10 3691/43/10
f 3695/47/10 3696/47/10 3697/47/10
f 3698/47/10 3696/47/10 3695/47/10
f 3699/59/10 3700/59/10 3701/59/10
f 3702/59/10 3700/59/10 3699/59/10
f 3703/56/10 3704/56/11 3705/56/11
f 3706/56/10 3703/56/10 3705/56/11
f 3707/56/10 3703/56/10 3706/56/10
f 3708/148/11 3709/148/11 3710/148/11
f 3711/148/10 3709/148/11 3708/148/11
f 3712/150/10 3713/150/10 3714/150/10
f 3715/150/10 3713/150/10 3712/150/10
f 3716/151/10 3717/151/10 3718/151/10
f 3719/151/10 3717/151/10 3716/151/10
f 3720/150/10 3721/150/10 3722/150/10
f 3723/150/10 3721/150/10 3720/150/10
f 3724/148/11 3725/148/11 3726/148/11
f 3727/148/10 3725/148/11 3724/148/11
f 3728/56/10 3729/56/10 3730/56/11
f 3731/56/10 3729/56/10 3728/56/10
f 3732/56/10 3729/56/10 3731/56/10
f 3733/53/10 3734/53/10 3735/53/10
f 3736/53/10 3734/53/10 3733/53/10
f 2835/1/10 3737/1/10 3738/1/10
f 2835/1/10 3738/1/10 3739/1/10
f 2835/1/10 3740/1/10 3737/1/10
f 2835/1/10 3741/1/10 3740/1/10
f 2835/1/10 3742/1/10 3741/1/10
f 2835/1/10 3743/1/10 3742/1/10
f 2835/1/10 3744/1/10 3743/1/10
f 2870/1/10 3744/1/10 2835/1/10
f 3745/53/10 3746/53/10 3747/53/10
f 3748/53/10 3746/53/10 3745/53/10
f 3749/21/7 3750/21/7 3751/21/7
f 3752/21/7 3750/21/7 3749/21/7
f 3753/7/7 3754/7/7 3755/7/7
f 3756/7/7 3754/7/7 3753/7/7
f 3757/1/8 3758/1/8 3759/1/8
f 3759/1/8 3758/1/8 3760/1/8
f 3757/1/8 3759/1/8 3761/1/8
f 3761/1/8 3759/1/8 3762/1/8
f 3763/1/8 3764/1/8 3765/1/8
f 3765/1/8 3764/1/8 3766/1/8
f 3766/1/8 3764/1/8 3767/1/8
f 3767/1/8 3764/1/8 3768/1/8
f 3769/7/9 3770/7/9 3771/7/9
f 3771/7/9 3770/7/9 3772/7/9
f 3769/7/9 3771/7/9 3773/7/8
f 3773/7/8 3771/7/9 3774/7/8
f 3775/7/8 3776/7/9 3777/7/9
f 3777/7/9 3776/7/9 3778/7/9
f 3778/7/9 3776/7/9 3779/7/8
f 3779/7/8 3776/7/9 3780/7/8
f 3781/1/8 3782/1/8 3783/1/8
f 3781/1/8 3783/1/8 3784/1/8
f 3784/1/8 3783/1/8 3785/1/8
f 3786/1/8 3787/1/8 3788/1/8
f 3788/1/8 3787/1/8 3789/1/8
f 3789/1/8 3787/1/8 3790/1/8
f 3791/74/8 3792/74/8 3793/74/8
f 3793/74/8 3792/74/8 3794/74/8
f 3795/5/8 3796/5/8 3797/5/8
f 3797/5/8 3796/5/8 3798/5/8
f 3799/74/8 3800/74/8 3801/74/8
f 3801/74/8 3800/74/8 3802/74/8
f 3803/1/8 3804/1/8 3805/1/8
f 3805/1/8 3804/1/8 3806/1/8
f 3807/7/8 3808/7/8 3809/7/8
f 3809/7/8 3808/7/8 3810/7/8
f 3811/1/8 3812/1/8 3813/1/8
f 3813/1/8 3812/1/8 3814/1/8
f 3815/74/8 3816/74/8 3817/74/8
f 3817/74/8 3816/74/8 3818/74/8
f 3819/5/8 3820/5/8 3821/5/8
f 3821/5/8 3820/5/8 3822/5/8
f 3823/74/8 3824/74/8 3825/74/8
f 3825/74/8 3824/74/8 3826/74/8
f 3827/1/8 3828/1/8 3829/1/8
f 3829/1/8 3828/1/8 3830/1/8
f 3831/7/8 3832/7/8 3833/7/8
f 3833/7/8 3832/7/8 3834/7/8
f 3835/1/8 3836/1/8 3837/1/8
f 3837/1/8 3836/1/8 3838/1/8
f 3839/1/8 3840/1/8 3841/1/8
f 3841/1/8 3840/1/8 3842/1/8
f 3843/7/8 3844/7/8 3845/7/8
f 3845/7/8 3844/7/8 3846/7/8
f 3847/1/8 3848/1/8 3849/1/8
f 3849/1/8 3848/1/8 3850/1/8
f 3851/74/8 3852/74/8 3853/74/8
f 3853/74/8 3852/74/8 3854/74/8
f 3855/5/8 3856/5/8 3857/5/8
f 3857/5/8 3856/5/8 3858/5/8
f 3859/74/8 3860/74/8 3861/74/8
f 3861/74/8 3860/74/8 3862/74/8
f 3863/1/8 3864/1/8 3865/1/8
f 3865/1/8 3864/1/8 3866/1/8
f 3867/7/8 3868/7/8 3869/7/8
f 3869/7/8 3868/7/8 3870/7/8
f 3871/1/8 3872/1/8 3873/1/8
f 3873/1/8 3872/1/8 3874/1/8
f 3875/1/8 3876/1/9 3877/1/9
f 3877/1/9 3876/1/9 3878/1/9
f 3879/1/8 3880/1/8 3881/1/9
f 3880/1/8 3882/1/9 3881/1/9
f 3881/1/9 3882/1/9 3883/1/9
f 3884/1/10 3885/1/10 3886/1/10
f 3887/1/10 3885/1/10 3884/1/10
f 3888/1/10 3884/1/10 3886/1/10
f 3889/1/10 3884/1/10 3888/1/10
f 3890/1/10 3891/1/10 3892/1/10
f 3893/1/10 3891/1/10 3890/1/10
f 3894/1/10 3891/1/10 3893/1/10
f 3895/1/10 3891/1/10 3894/1/10
f 3896/7/11 3897/7/11 3898/7/11
f 3899/7/10 3897/7/11 3896/7/11
f 3900/7/10 3896/7/11 3898/7/11
f 3901/7/10 3896/7/11 3900/7/10
f 3902/7/11 3903/7/11 3904/7/11
f 3905/7/11 3903/7/11 3902/7/11
f 3906/7/10 3903/7/11 3905/7/11
f 3907/7/10 3903/7/11 3906/7/10
f 3908/1/10 3909/1/10 3910/1/10
f 3911/1/10 3908/1/10 3910/1/10
f 3912/1/10 3908/1/10 3911/1/10
f 3913/1/10 3914/1/10 3915/1/10
f 3916/1/10 3914/1/10 3913/1/10
f 3917/1/10 3914/1/10 3916/1/10
f 3918/74/10 3919/74/10 3920/74/10
f 3921/74/10 3919/74/10 3918/74/10
f 3922/5/10 3923/5/10 3924/5/10
f 3925/5/10 3923/5/10 3922/5/10
f 3926/74/10 3927/74/10 3928/74/10
f 3929/74/10 3927/74/10 3926/74/10
f 3930/1/10 3931/1/10 3932/1/10
f 3933/1/10 3931/1/10 3930/1/10
f 3934/7/10 3935/7/10 3936/7/10
f 3937/7/10 3935/7/10 3934/7/10
f 3938/1/10 3939/1/10 3940/1/10
f 3941/1/10 3939/1/10 3938/1/10
f 3942/74/10 3943/74/10 3944/74/10
f 3945/74/10 3943/74/10 3942/74/10
f 3946/5/10 3947/5/10 3948/5/10
f 3949/5/10 3947/5/10 3946/5/10
f 3950/74/10 3951/74/10 3952/74/10
f 3953/74/10 3951/74/10 3950/74/10
f 3954/1/10 3955/1/10 3956/1/10
f 3957/1/10 3955/1/10 3954/1/10
f 3958/7/10 3959/7/10 3960/7/10
f 3961/7/10 3959/7/10 3958/7/10
f 3962/1/10 3963/1/10 3964/1/10
f 3965/1/10 3963/1/10 3962/1/10
f 3966/1/10 3967/1/10 3968/1/10
f 3969/1/10 3967/1/10 3966/1/10
f 3970/7/10 3971/7/10 3972/7/10
f 3973/7/10 3971/7/10 3970/7/10
f 3974/1/10 3975/1/10 3976/1/10
f 3977/1/10 3975/1/10 3974/1/10
f 3978/74/10 3979/74/10 3980/74/10
f 3981/74/10 3979/74/10 3978/74/10
f 3982/5/10 3983/5/10 3984/5/10
f 3985/5/10 3983/5/10 3982/5/10
f 3986/74/10 3987/74/10 3988/74/10
f 3989/74/10 3987/74/10 3986/74/10
f 3990/1/10 3991/1/10 3992/1/10
f 3993/1/10 3991/1/10 3990/1/10
f 3994/7/10 3995/7/10 3996/7/10
f 3997/7/10 3995/7/10 3994/7/10
f 3998/1/10 3999/1/10 4000/1/10
f 4001/1/10 3999/1/10 3998/1/10
f 4002/1/11 4003/1/11 4004/1/10
f 4005/1/10 4003/1/11 4002/1/11
f 4006/1/11 4007/1/10 4008/1/10
f 4006/1/11 4009/1/11 4007/1/10
f 4010/1/10 4009/1/11 4006/1/11
f 4011/1/7 4012/1/7 4013/1/7
f 4014/1/7 4012/1/7 4011/1/7
f 4015/1/7 4012/1/7 4014/1/7
f 4016/1/7 4012/1/7 4015/1/7
f 4017/1/7 4011/1/7 4013/1/7
f 4018/1/7 4017/1/7 4013/1/7
f 4019/1/7 4018/1/7 4013/1/7
f 4020/1/7 4019/1/7 4013/1/7
f 4020/1/7 4021/1/7 4019/1/7
f 4020/1/7 4022/1/7 4021/1/7
f 4020/1/7 4023/1/7 4022/1/7
f 4024/1/7 4023/1/7 4020/1/7
f 4025/1/8 4026/1/8 4027/1/8
f 4027/1/8 4026/1/8 4028/1/8
f 4029/1/8 4030/1/8 4031/1/8
f 4031/1/8 4030/1/8 4032/1/8
f 4033/1/10 4034/1/10 4035/1/10
f 4036/1/10 4034/1/10 4033/1/10
f 4037/1/10 4038/1/10 4039/1/10
f 4040/1/10 4038/1/10 4037/1/10
f 4041/1/4 4042/1/3 4043/1/3
f 4041/1/4 4043/1/3 4044/1/3
f 4043/1/3 4042/1/3 4045/1/3
f 4041/1/4 4044/1/3 4046/1/3
f 4041/1/4 4046/1/3 4047/1/3
f 4041/1/4 4047/1/3 4048/1/3
f 4041/1/4 4048/1/3 4049/1/3
f 4041/1/4 4049/1/3 4050/1/3
f 4041/1/4 4050/1/3 4051/1/3
f 4045/1/3 4042/1/3 4052/1/3
f 4052/1/3 4042/1/3 4053/1/3
f 4053/1/3 4042/1/3 4054/1/3
f 4054/1/3 4042/1/3 4055/1/3
f 4055/1/3 4042/1/3 4056/1/3
f 4056/1/3 4042/1/3 4057/1/3
f 4050/1/3 4058/1/3 4051/1/3
f 4050/1/3 4059/1/3 4058/1/3
f 4058/1/3 4060/1/4 4051/1/3
f 4051/1/3 4060/1/4 4061/1/3
f 4061/1/3 4060/1/4 4062/1/4
f 4063/1/3 4057/1/3 4060/1/4
f 4062/1/4 4060/1/4 4064/1/3
f 4060/1/4 4057/1/3 4064/1/3
f 4057/1/3 4042/1/3 4064/1/3
f 4064/1/3 4042/1/3 4065/1/3
f 4066/63/3 4067/63/3 4068/63/3
f 4068/63/3 4067/63/3 4069/63/3
f 4070/64/3 4071/64/3 4072/64/3
f 4072/64/3 4071/64/3 4073/64/3
f 4074/65/3 4075/65/3 4076/65/3
f 4076/65/3 4075/65/3 4077/65/3
f 4078/66/3 4079/66/3 4080/66/3
f 4080/66/3 4079/66/3 4081/66/3
f 4082/67/3 4083/67/3 4084/67/3
f 4084/67/3 4083/67/3 4085/67/3
f 4086/68/3 4087/68/3 4088/68/3
f 4088/68/3 4087/68/3 4089/68/3
f 4089/68/3 4087/68/3 4090/68/3
f 4090/68/3 4087/68/3 4091/68/3
f 4092/1/7 4093/1/7 4094/1/7
f 4095/1/7 4093/1/7 4092/1/7
f 4096/74/7 4097/74/7 4098/74/7
f 4099/74/7 4097/74/7 4096/74/7
f 4100/74/7 4101/74/7 4102/74/7
f 4103/74/7 4101/74/7 4100/74/7
f 4104/74/7 4105/74/7 4106/74/7
f 4107/74/7 4105/74/7 4104/74/7
f 4108/5/7 4109/5/7 4110/5/7
f 4111/5/7 4109/5/7 4108/5/7
f 4112/5/7 4113/5/7 4114/5/7
f 4115/5/7 4113/5/7 4112/5/7
f 4116/5/7 4117/5/7 4118/5/7
f 4119/5/7 4117/5/7 4116/5/7
f 4120/74/7 4121/74/7 4122/74/7
f 4123/74/7 4121/74/7 4120/74/7
f 4124/74/7 4125/74/7 4126/74/7
f 4127/74/7 4125/74/7 4124/74/7
f 4128/74/7 4129/74/7 4130/74/7
f 4131/74/7 4129/74/7 4128/74/7
f 4132/1/7 4133/1/7 4134/1/7
f 4135/1/7 4133/1/7 4132/1/7
f 4136/7/8 4137/7/9 4138/7/8
f 4136/7/8 4138/7/8 4139/7/8
f 4139/7/8 4138/7/8 4140/7/8
f 4141/7/10 4142/7/10 4143/7/10
f 4144/7/10 4141/7/10 4143/7/10
f 4145/7/10 4141/7/10 4144/7/10
f 4146/1/6 4147/1/6 4148/1/6
f 4148/1/6 4147/1/6 4149/1/6
f 4150/1/6 4151/1/6 4152/1/6
f 4152/1/6 4151/1/6 4153/1/6
f 4154/1/6 4155/1/6 4156/1/6
f 4156/1/6 4155/1/6 4157/1/6
f 4158/7/6 4159/7/6 4160/7/6
f 4160/7/6 4159/7/6 4161/7/6
f 4162/7/6 4163/7/6 4164/7/6
f 4164/7/6 4163/7/6 4165/7/6
f 4166/7/6 4167/7/6 4168/7/6
f 4168/7/6 4167/7/6 4169/7/6
f 4170/1/6 4171/1/6 4172/1/6
f 4172/1/6 4171/1/6 4173/1/6
f 4174/1/6 4175/1/6 4176/1/6
f 4176/1/6 4175/1/6 4177/1/6
f 4178/1/6 4179/1/6 4180/1/6
f 4180/1/6 4179/1/6 4181/1/6
f 4182/56/8 4183/56/8 4184/56/8
f 4184/56/8 4183/56/8 4185/56/8
f 4186/53/8 4187/53/8 4188/53/8
f 4188/53/8 4187/53/8 4189/53/8
f 4190/56/10 4191/56/10 4192/56/10
f 4193/56/10 4191/56/10 4190/56/10
f 4194/53/10 4195/53/10 4196/53/10
f 4197/53/10 4195/53/10 4194/53/10
f 4198/1/3 4199/1/3 4200/1/3
f 4200/1/3 4199/1/3 4201/1/3
f 4202/75/3 4203/75/3 4204/75/3
f 4204/75/3 4203/75/3 4205/75/3
f 4206/1/3 4207/1/3 4208/1/3
f 4208/1/3 4207/1/3 4209/1/3
f 4210/1/1 4211/1/1 4212/1/1
f 4213/1/1 4211/1/1 4210/1/1
f 4214/72/6 4215/72/6 4216/72/6
f 4216/72/6 4215/72/6 4217/72/6
f 4218/1/1 4219/1/1 4220/1/1
f 4221/1/1 4219/1/1 4218/1/1
f 4222/33/1 4223/33/1 4224/33/1
f 4225/33/1 4223/33/1 4222/33/1
f 4226/1/1 4227/1/1 4228/1/1
f 4229/1/1 4227/1/1 4226/1/1
f 4230/1/7 4231/1/7 4232/1/7
f 4233/1/7 4231/1/7 4230/1/7
f 4234/11/7 4235/11/7 4236/11/7
f 4237/11/7 4235/11/7 4234/11/7
f 4238/12/7 4239/12/7 4240/12/7
f 4241/12/7 4239/12/7 4238/12/7
f 4242/11/7 4243/11/7 4244/11/7
f 4245/11/7 4243/11/7 4242/11/7
f 4246/1/7 4247/1/7 4248/1/7
f 4249/1/7 4247/1/7 4246/1/7
f 4250/1/6 4251/1/6 4252/1/6
f 4252/1/6 4251/1/6 4253/1/6
f 4254/9/6 4255/9/6 4256/9/6
f 4256/9/6 4255/9/6 4257/9/6
f 4258/10/6 4259/10/6 4260/10/6
f 4260/10/6 4259/10/6 4261/10/6
f 4262/9/6 4263/9/6 4264/9/6
f 4264/9/6 4263/9/6 4265/9/6
f 4266/1/6 4267/1/6 4268/1/6
f 4268/1/6 4267/1/6 4269/1/6
f 4270/35/1 4271/35/1 4272/35/1
f 4273/35/1 4270/35/1 4272/35/1
f 4274/35/1 4270/35/1 4273/35/1
f 4275/31/1 4276/31/1 4277/31/1
f 4278/31/1 4276/31/1 4275/31/1
f 4278/31/1 4275/31/1 4279/31/1
f 4279/31/1 4275/31/1 4280/31/1
f 4281/1/1 4282/1/1 4283/1/1
f 4284/1/1 4282/1/1 4281/1/1
f 4285/1/1 4286/1/1 4287/1/1
f 4288/1/1 4286/1/1 4285/1/1
f 4289/1/7 4290/1/7 4291/1/7
f 4292/1/7 4290/1/7 4289/1/7
f 4293/1/7 4294/1/7 4295/1/7
f 4296/1/7 4294/1/7 4293/1/7
f 4297/1/7 4298/1/7 4299/1/7
f 4300/1/7 4298/1/7 4297/1/7
f 4301/7/7 4302/7/7 4303/7/7
f 4304/7/7 4302/7/7 4301/7/7
f 4305/7/7 4306/7/7 4307/7/7
f 4308/7/7 4306/7/7 4305/7/7
f 4309/7/7 4310/7/7 4311/7/7
f 4312/7/7 4310/7/7 4309/7/7
f 4313/1/7 4314/1/7 4315/1/7
f 4316/1/7 4314/1/7 4313/1/7
f 4317/1/7 4318/1/7 4319/1/7
f 4320/1/7 4318/1/7 4317/1/7
f 4321/1/7 4322/1/7 4323/1/7
f 4324/1/7 4322/1/7 4321/1/7
f 4325/1/6 4326/1/6 4327/1/6
f 4327/1/6 4326/1/6 4328/1/6
f 4329/1/1 4330/1/1 4331/1/1
f 4332/1/1 4330/1/1 4329/1/1
f 4333/35/1 4334/35/1 4335/35/1
f 4336/35/1 4334/35/1 4333/35/1
f 4337/31/1 4338/31/1 4339/31/1
f 4340/31/1 4338/31/1 4337/31/1
f 4341/1/1 4342/1/1 4343/1/1
f 4344/1/1 4342/1/1 4341/1/1
f 4345/53/7 4346/53/7 4347/53/7
f 4348/53/7 4346/53/7 4345/53/7
f 4349/56/7 4350/56/7 4351/56/7
f 4352/56/7 4350/56/7 4349/56/7
f 4353/53/7 4354/53/7 4355/53/7
f 4356/53/7 4354/53/7 4353/53/7
f 4357/1/6 4358/1/6 4359/1/6
f 4359/1/6 4358/1/6 4360/1/6
f 4361/31/6 4362/31/6 4363/31/6
f 4363/31/6 4362/31/6 4364/31/6
f 4365/1/6 4366/1/6 4367/1/6
f 4367/1/6 4366/1/6 4368/1/6
f 4369/1/1 4370/1/1 4371/1/1
f 4372/1/1 4370/1/1 4369/1/1
f 4373/35/1 4374/35/1 4375/35/1
f 4376/35/1 4374/35/1 4373/35/1
f 4377/31/1 4378/31/1 4379/31/1
f 4380/31/1 4378/31/1 4377/31/1
f 4381/1/1 4382/1/1 4383/1/1
f 4384/1/1 4382/1/1 4381/1/1
f 4385/1/1 4386/1/1 4387/1/2
f 4388/1/1 4386/1/1 4385/1/1
f 4389/1/1 4386/1/1 4388/1/1
f 4390/1/1 4386/1/1 4389/1/1
f 4391/1/1 4386/1/1 4390/1/1
f 4392/1/1 4393/1/1 4394/1/1
f 4395/1/1 4393/1/1 4392/1/1
f 4396/24/1 4397/24/1 4398/24/1
f 4399/24/1 4397/24/1 4396/24/1
f 4400/25/1 4401/25/1 4402/25/1
f 4403/25/1 4401/25/1 4400/25/1
f 4404/1/1 4405/1/1 4406/1/1
f 4407/1/1 4405/1/1 4404/1/1
f 4408/1/7 4409/1/7 4410/1/7
f 4411/1/7 4408/1/7 4410/1/7
f 4412/1/7 4411/1/7 4410/1/7
f 4413/1/7 4412/1/7 4410/1/7
f 4414/1/7 4409/1/7 4408/1/7
f 4415/1/7 4413/1/7 4410/1/7
f 4416/1/7 4409/1/7 4414/1/7
f 4417/1/7 4409/1/7 4416/1/7
f 4418/1/7 4409/1/7 4417/1/7
f 4419/1/7 4409/1/7 4418/1/7
f 4420/1/7 4409/1/7 4419/1/7
f 4420/1/7 4419/1/7 4415/1/7
f 4415/1/7 4419/1/7 4421/1/7
f 4415/1/7 4422/1/7 4413/1/7
f 4415/1/7 4421/1/7 4423/1/7
f 4415/1/7 4423/1/7 4422/1/7
f 4424/4/7 4425/4/7 4426/4/7
f 4427/4/7 4425/4/7 4424/4/7
f 4428/4/7 4427/4/7 4424/4/7
f 4429/4/7 4427/4/7 4428/4/7
f 4430/4/7 4429/4/7 4428/4/7
f 4431/4/7 4429/4/7 4430/4/7
f 4432/4/7 4433/4/7 4434/4/7
f 4435/4/7 4433/4/7 4432/4/7
f 4436/4/7 4433/4/7 4435/4/7
f 4437/4/7 4433/4/7 4436/4/7
f 4438/1/1 4439/1/1 4440/1/1
f 4441/1/1 4439/1/1 4438/1/1
f 4442/31/1 4443/31/1 4444/31/1
f 4445/31/1 4443/31/1 4442/31/1
f 4446/1/1 4447/1/1 4448/1/1
f 4449/1/1 4447/1/1 4446/1/1
f 4450/1/1 4451/1/1 4452/1/1
f 4453/1/1 4451/1/1 4450/1/1
f 4454/31/1 4455/31/1 4456/31/1
f 4457/31/1 4455/31/1 4454/31/1
f 4458/1/1 4459/1/1 4460/1/1
f 4461/1/1 4459/1/1 4458/1/1
f 4462/1/12 4463/1/3 4464/1/3
f 4462/1/12 4464/1/3 4465/1/3
f 4464/1/3 4463/1/3 4466/1/3
f 4462/1/12 4465/1/3 4467/1/3
f 4466/1/3 4463/1/3 4468/1/3
f 4462/1/12 4467/1/3 4469/1/3
f 4468/1/3 4463/1/3 4470/1/3
f 4462/1/12 4469/1/3 4471/1/3
f 4470/1/3 4463/1/3 4472/1/3
f 4462/1/12 4471/1/3 4473/1/3
f 4462/1/12 4473/1/3 4474/1/3
f 4462/1/12 4474/1/3 4475/1/3
f 4472/1/3 4463/1/3 4476/1/3
f 4462/1/12 4475/1/3 4477/1/3
f 4462/1/12 4477/1/3 4478/1/3
f 4462/1/12 4478/1/3 4479/1/3
f 4462/1/12 4479/1/3 4480/1/3
f 4476/1/3 4463/1/3 4481/1/3
f 4462/1/12 4480/1/3 4482/1/3
f 4480/1/3 4483/1/3 4482/1/3
f 4483/1/3 4484/1/3 4482/1/3
f 4484/1/3 4485/1/3 4482/1/3
f 4482/1/3 4485/1/3 4486/1/3
f 4485/1/3 4463/1/3 4486/1/3
f 4487/1/3 4463/1/3 4485/1/3
f 4488/1/3 4463/1/3 4487/1/3
f 4489/1/4 4463/1/3 4488/1/3
f 4490/1/3 4463/1/3 4489/1/4
f 4491/1/3 4463/1/3 4490/1/3
f 4492/1/3 4463/1/3 4491/1/3
f 4493/1/3 4463/1/3 4492/1/3
f 4481/1/3 4463/1/3 4493/1/3
f 4494/23/3 4495/23/3 4496/23/3
f 4496/23/3 4495/23/3 4497/23/3
f 4498/22/3 4499/22/3 4500/22/3
f 4500/22/3 4499/22/3 4501/22/3
f 4502/23/3 4503/23/3 4504/23/3
f 4504/23/3 4503/23/3 4505/23/3
f 4506/23/3 4507/23/3 4508/23/3
f 4508/23/3 4507/23/3 4509/23/3
f 4510/22/3 4511/22/3 4512/22/3
f 4512/22/3 4511/22/3 4513/22/3
f 4514/23/3 4515/23/3 4516/23/3
f 4516/23/3 4515/23/3 4517/23/3
f 4518/1/3 4519/1/3 4520/1/3
f 4518/1/3 4520/1/3 4521/1/3
f 4520/1/3 4519/1/3 4522/1/3
f 4518/1/3 4521/1/3 4523/1/3
f 4522/1/3 4519/1/3 4524/1/3
f 4518/1/3 4523/1/3 4525/1/3
f 4524/1/3 4519/1/3 4526/1/3
f 4518/1/3 4525/1/3 4527/1/3
f 4526/1/3 4519/1/3 4528/1/3
f 4518/1/3 4527/1/3 4529/1/3
f 4518/1/3 4529/1/3 4530/1/3
f 4518/1/3 4530/1/3 4531/1/3
f 4528/1/3 4519/1/3 4532/1/3
f 4518/1/3 4531/1/3 4533/1/3
f 4518/1/3 4533/1/3 4534/1/3
f 4518/1/3 4534/1/3 4535/1/3
f 4518/1/3 4535/1/3 4536/1/3
f 4532/1/3 4519/1/3 4537/1/3
f 4518/1/3 4536/1/3 4538/1/3
f 4536/1/3 4539/1/3 4538/1/3
f 4539/1/3 4540/1/3 4538/1/3
f 4540/1/3 4541/1/3 4538/1/3
f 4538/1/3 4541/1/3 4542/1/3
f 4541/1/3 4519/1/3 4542/1/3
f 4543/1/3 4519/1/3 4541/1/3
f 4544/1/3 4519/1/3 4543/1/3
f 4545/1/4 4519/1/3 4544/1/3
f 4546/1/3 4519/1/3 4545/1/4
f 4547/1/3 4519/1/3 4546/1/3
f 4548/1/3 4519/1/3 4547/1/3
f 4549/1/3 4519/1/3 4548/1/3
f 4537/1/3 4519/1/3 4549/1/3
f 4550/23/3 4551/23/3 4552/23/3
f 4552/23/3 4551/23/3 4553/23/3
f 4554/22/3 4555/22/3 4556/22/3
f 4556/22/3 4555/22/3 4557/22/3
f 4558/23/3 4559/23/3 4560/23/3
f 4560/23/3 4559/23/3 4561/23/3
f 4562/23/3 4563/23/3 4564/23/3
f 4564/23/3 4563/23/3 4565/23/3
f 4566/22/3 4567/22/3 4568/22/3
f 4568/22/3 4567/22/3 4569/22/3
f 4570/23/3 4571/23/3 4572/23/3
f 4572/23/3 4571/23/3 4573/23/3
f 4574/11/1 4575/11/1 4576/11/1
f 4577/11/1 4575/11/1 4574/11/1
f 4578/12/1 4579/12/1 4580/12/1
f 4581/12/1 4579/12/1 4578/12/1
f 4582/11/1 4583/11/1 4584/11/1
f 4585/11/1 4583/11/1 4582/11/1
f 4586/13/1 4587/13/1 4588/13/1
f 4586/13/1 4589/13/1 4587/13/1
f 4586/13/1 4590/13/1 4589/13/1
f 4591/13/1 4590/13/1 4586/13/1
f 4592/13/2 4590/13/1 4591/13/1
f 4593/13/1 4590/13/1 4592/13/2
f 4594/1/3 4595/1/3 4596/1/4
f 4595/1/3 4597/1/3 4596/1/4
f 4597/1/3 4598/1/3 4596/1/4
f 4598/1/3 4599/1/3 4596/1/4
f 4594/1/3 4596/1/4 4600/1/3
f 4594/1/3 4600/1/3 4601/1/3
f 4594/1/3 4601/1/3 4602/1/4
f 4594/1/3 4602/1/4 4603/1/3
f 4602/1/4 4604/1/3 4603/1/3
f 4604/1/3 4605/1/3 4603/1/3
f 4605/1/3 4606/1/3 4603/1/3
f 4603/1/3 4606/1/3 4607/1/3
f 4607/1/3 4606/1/3 4608/1/3
f 4608/1/3 4606/1/3 4609/1/3
f 4609/1/3 4606/1/3 4610/1/3
f 4606/1/3 4611/1/3 4610/1/3
f 4599/1/3 4611/1/3 4596/1/4
f 4610/1/3 4611/1/3 4612/1/3
f 4613/1/4 4611/1/3 4606/1/3
f 4596/1/4 4611/1/3 4614/1/3
f 4615/1/4 4611/1/3 4613/1/4
f 4614/1/3 4611/1/3 4616/1/3
f 4617/1/3 4611/1/3 4615/1/4
f 4616/1/3 4611/1/3 4617/1/3
f 4618/7/3 4619/7/3 4620/7/3
f 4620/7/3 4619/7/3 4621/7/3
